{"file_hashes":[{"block_hashes":["A9IRtHrvgvj5Ql6gGkyl3fpwkAXKXg5eAIzgNR04+wQ=","R9+6Xq8nakiCzNbjr8CAMLWbeQchYIecn0CStpUEuDw=","HDTuOr7kzQt8txau+27g25v9zO0ZoJweH+59n4eqG/8=","X2jnE4LQMrRItAY8nY/5AFE7ixMv9buHIXxTWrQJDRc=","53/tDzs/jl3Gd/YRNHw2crMr+mDeZy9JT6muDmWzNP8=","Hl4xzlSI6ZT7lXRHcOs0kCCTvzfhf0jMF5qFyQ9jbew=","LLIOFE5wI6jfSs/XqnIxWvEtLZuOkBuux1Eh7Z61Xcs=","uqHL8jJuEaJ54zKygCr5SNkMMgtnlX02Ukv3MzoW6mc=","lyDnoObHm5BeqRp9nAMM2ZJCoWEnhRdSaMPfNtqrFVQ=","z544btLOlgE01sKGmOHkZUMO9h3kz9w3fDNSY7oznj4=","gr2L2AGRHmVV/7f8+06leg2Od2LOQ4/PbLpBvBU6Xtk="],"block_size":4096,"path":"_locales/zh-TW/messages.json"},{"block_hashes":["8IhfTBmi1U5H7GK/jBH6jgww9jj33maMA0MBhIlOMoA="],"block_size":4096,"path":"ajax-loader.76f7223e.gif"},{"block_hashes":["8vCITeDdqbFUKct9aoEdU6vb7KimGeSU6fjkYU+v1Os="],"block_size":4096,"path":"anim.2a26a9b2.gif"},{"block_hashes":["ddFohdAyOwIA+xtudo6vEJnIS825KQXH0BcgoTMCLto=","TVt8GF8IMtEPi1IPCrNfCvRC7NidRj6l/405gcP7FJs="],"block_size":4096,"path":"anim@2x.22bcd7f1.gif"},{"block_hashes":["e/IAABpJ31XxCA9fPxoJvuswEQZ1cjfAQDklFgHWzzw=","EvzOgiaip4G7Mpk9YSHchlJKTCPb1DeQ2vxB6RC/tbE=","snjtLqOHgdxM75KOmbpzuQwJJ/FcnXqghjop7yNvJ/s=","SY3Fr/rZsmfTGZfKJldqggxwmPzfZ/Fc4i4aaJWTjv4="],"block_size":4096,"path":"announce-emojis.573ad7a2.png"},{"block_hashes":["xuD6xDC6WyV3mpC4FC1nxmO94k76JRB+LN4mkbn8owk=","IZ20lGQp7eTttnsDtaQ48li3yxs4C8v56HpPyECOV7M=","XhpE6OEP4dtxxaiKfA/YkeZiv4k85Vr/cCnpfR4oJoM=","N9JUYZJT535qKyAwlwnZf/KV2Q7mOhRflBEeNcBGtsQ=","6NGP/EKLZ5lRRDbXwal0a1/s1l3w83sNjae0+SVujt0=","08EpWI9zS/N9KLXP0DRpPtDoAggc2+VsodW8H5RknZQ=","zAFXhhkD5bCokeKfYUiKSLqZ2zoyEb0ps3nKzeXGrCA=","AtNp2YmLX8R1L+2FVTQMhnUhqFs2QrO/AebdKZIIspc=","1epaM16cRMvu7jii+ruyPQdoxhj4k/gaQnbPMRCfzr8=","fdELU8gLeolVT3X56ILB+VtXnoVjAEL3ITys3E9aVkw=","Gj/Bz0uumfg6ZgcKtr2rLRZ2t2Lbllz3kuQ1yIhFuHA="],"block_size":4096,"path":"announce-emojis@2x.b5059a7c.png"},{"block_hashes":["O2Kzf3MNEuWD8fTC7nqod7PWJfSZ4pstfLOneHaL3jQ=","5KQTHMgNadkbDjIyePGv81XMt74PMJIM11/PGyH1KXU=","fEQ//Zo+EZzSWqVtKAFNrX+P4pw6yNbvGOepK8Snwwg="],"block_size":4096,"path":"capture.059df01a.css"},{"block_hashes":["cYzDzXXwTY0M5iTTxSHXkIe2VC/vzbb/2PN3AD+BHJg=","RSjrCdnx0kubZCU+DMC6Z7+pX4g22OtIjaQWTCfVyrU=","BAfOIdVsfz+/vjAtj3URB+TyM9swexUHPr2cBfEVaSY=","iX2g6d7M2PwLsuS5jWygQ9d0LY8PikHanrcyaBkilFY=","JosSNYyRaY9aeYWauiYe/VHWkL7RTcPtQ8DW6QrxvBM=","Am5NbKFaeSe0wLDZh7GPGLJqUsg7YuSw/osr+AQC8HQ=","xApOnY7idkOrsIxMhmjch2iz2+9rfMEs5PofrC7vqKE=","lidG6hiW7II7gaWfzKCIYPe8bJmXM+2qUmfgakdfAG4=","Cv5wTrWarWapt5NqoOmlsPXZIqFUA8j53K1g9/bi5vs=","040L0d0nom2AiXP6PrUUAe5fV4lfW7A0j3mNpTkTNuw=","pGzgWmLbLbo6sQlfp6yOm9Y5zTqWARBQWLRTFzV5HfM=","CVMIZLIbSIQ4D2ZISS36FQF2z7WbV4za+KWNMdgDfEk=","vnyuF6x32fjNFO5ySmEOCtKL77OQyZ7bGYQb20YQ/Mc=","7W4ZX2gZ95PobZuqtzY4M7YSkIdEFZe/dMGVM7hcw1U=","NsUfipy8lv/bUiCzIdpPvCaoYTpJxFlXgQ9VU2Y6KL8=","TOmT0aOLwkGnZGpt2mVyAxL3+PXa1/DXoMfGVXO5AMs=","6Fj6Bh4oxlKUjd/+CyxxJxVXMiRStfPGZCKMyObLwpo=","hubL3lFiC8Dhf0afgSGU7uSje+NZoVOZDX4nCIj2sGM=","yv17ipmg+o5jGX7UAGBoIzRfWUUjsABPdjUJnilVMFY=","4OcW8vPip94k2Db5GrCwM7KG/2IdTtTeTvshTbuTTgQ="],"block_size":4096,"path":"capture.1b6106c3.js"},{"block_hashes":["1L7pangknW0/IBPaXK+xBo4eL7WGt8xkImrD36yYyCA="],"block_size":4096,"path":"capture.839f08c2.css"},{"block_hashes":["aaKdG704DZgUuyg9dCkDInqsARVFKz405YZ/uWMvP98=","4iTghZmD96PfG5Ede+Q+D+97/zWYrc8alaoqpUQ+lXI="],"block_size":4096,"path":"capture.8fe90b06.css"},{"block_hashes":["iTCMY0yvenI6Ald+x8sxJUMgCsZbvlxS7Bd2tr6bxTw="],"block_size":4096,"path":"capture.96899a58.css"},{"block_hashes":["lfM+QzH0IUoWF0Es5vqkd2MJAFSNTaMecHhGPn/nS9U=","zWBLPVeWFoupAQk/JaEMXtR4wqWsizDNBbaDR+r3pOM=","iypLkKUoHqEjbvT3g0zO7JScwmxLV33Qaa9Emxsv+ts=","hwpAcoMrwTFjsFIz2ZyxESbAY9pmeKoq0q2XVdF0pR0=","eSt0Q/ojKVRCquz0BjeiEtywfUZnbtUjqzP0qzD2q88=","4vEYNXpigof1tRegSablZLOHCY5SSbFhim9/EjXwaUo=","XKJYJezBPYdZ2G3fTUwRWfmB981GJ3i6kwKxbDW3mlQ=","6Da0GMxBIojSnuk4XpIN39w5YAnZyIOt8LirCdz5GT8=","53qRI4jsTXes5TGhXqcCUcr/T7ABmDseNmioL1GjHqQ=","bw9fpaoIyudawsQAthHMyjn2ZBXLrWtLyf85RlBQmOM=","RUmTD2JHD4sKOckyfoL53sb6NbHPhOY1G8iWGP5yCEQ=","IbR4hYMzREgRtk5CCKOtBwwEgab/zS4seAAmrF11/r4=","XfwSCEjQibRvPU5mQD/fgjeVwIOCPzGwWM+MekJPcCA=","RCR/IcolEHxNPe+F7LpYfGd2fTgwVykHzdZJmV2sPVQ=","gnc7SZ95T50IfmjXYzmeU0KuUt8XN34NMX6J96zKWFc=","gomv7eyRQiPmT0zTROgaxrZ1/DiBf6V/wygqDUpytNI=","SJocf+ZZ6wdRri59dEOWqn6pS7Tt8qCGP0ez+fJfo20=","v8WHEftTG/tDfK9JUomJE3NJslbdTXlWRh6NFBnzB5g=","gKBOgl7rq2h32PuxdtdCEgjKbTfgV2Cw32UUu1muXhY=","eTnJCWiYHC6vqTrIzZwNUKT6hc6qg9aR0sfk6Z7LgQk=","fDVu1t9Wwl34prxA6P7n7yJLYzzopvWuyTF2cE71ZL0=","mzQaY3JujZg3CKjcOqOvK42EKG+i3PXY29aqJs7RqQ8="],"block_size":4096,"path":"capture.d2685946.js"},{"block_hashes":["IiY9rojf6MG5ERk63a+0ug8GsIS2Ne3HejPAPPRBOaE=","MBPKo33ox3ohxnccc298eREMoV57eVWk353uH9Yzopw="],"block_size":4096,"path":"capture.html"},{"block_hashes":["kvD1aPYyuMyWy3kjBP3qstRO+BfwhZ9/24+mRivlV74="],"block_size":4096,"path":"capture/index.html"},{"block_hashes":["tXW1ZdrFM40D9v+zeX9A9G+Qx6Lnni+ZDtCnMgFb8hQ="],"block_size":4096,"path":"capture/redir.js"},{"block_hashes":["Z+qLdVi7+Muep/KvFpI+0VDT21Z/w2XMRexNDPhdbIw="],"block_size":4096,"path":"editor.0a5332d6.css"},{"block_hashes":["W44ytE7hVijrmm/sF5+Uei/l7RzJQJGwUMT1PeTkG34=","oUrkpw1K3b+Nkvd730ugSshw7b88LCIoGIRpmVICdSc=","Q1KGrxmgwxCvSRKkgS06x99gx6RWv+/wVGg2Q53n/as=","st44vjwxXqjde3ZO5Cm7DjhfUKVn/NH6ooElNk/mWU8=","SMadN7nw75zBLfrm3f9unVsdqwKfepNV56NYEn15FC8=","ExN+n2a4kPqxga0QnjpL5toacABiF+Sfw17JHmp2kaU=","t7mFMS5geONy3QKReokCuSFUyMB7/lasgz6Pv/7W8dE=","peuFSCfXTPhBEnD3j5VDzRJkZaxfTk0uXmkLH/kkdms=","m6SZIALTGypXV0sJ1RTeyxv75RaFeOXpKcGOS9HjYU8=","GKIoUmB3mFWHrI7q0IzLONC5aAhV43Styv61sEgfcWw=","JYV+C4uOJ+bQpgbzRHBaNSoR1VUkLxW4edc9E20LYvE=","mtxfdxDDZc6dB+YkTCwCfnby/ijmxpfGE7WVplVBIrc=","Z12IQPZc+lzGLoxU9Smf5/MqMk2934JynqlWxCq5++0=","0+YHoQvjAWJ/bGfF8MhV31nPsY5qg75X1LSA9huZhZo=","HukVC6CIuu7UMA51A0vsu6kJGFHJHVDqfulAKeNp1P0=","XnJV7JSXSZeFrGvxnI97M09aRlXKCjGBs48qPIW+sfg=","Devw27eMHZj3DOVWUf7+PizoZPQEwgTRl5rlTC93yPw=","De611k1rVnMXUJF3lAU17nqbct4vF3PRP5/ZhLMvV0k=","fb40k7L+hWRnJZ2GP6l2LNQAbc3RBVU8hJ9J9MA1djc=","RA+q+NAheCbIhEpCvI/Jrwc9grr3Bh7pa2mHMP6vNUo=","I/m92x7VAvnuokbBjM6wl138z3dNt00HnUcpez+OacQ=","Ll3old0Q6COot40qYiBlC1MiN0oMb7+U7kntRgNEDz8=","kVy+RiAN2a/oDwTWk+mna6jo9mhVH/dlLxqSbkIgfzQ=","Y6YGjBRtGsk52JA4sGhwJ0our9NN6w4K72qOxPMlIdI=","RVijZfe4YefJSBkny/Q+0u8jgYpzyATFLDGuNfhxxiE=","47QAnkmU6uWusWvgDejWhCwQlpmx1JwdM/CpMVFnhzk=","gk3ankwjfA7jjFWtFWaJIUW5u3b3Kaz7P2dE5wfJvjE=","5XDc2boFIdTr5Jfu/AgpkL4f7yFjFvy+PF9S/M1g/3U=","kkDpq5XsjDLw4xQvCTqd7WNjx8sTdMYbkNmY5cQX8Kk=","HOWq7Rwv26ee0D36hOBlV5zCYAV6sSXxwtocsqQVcW0=","FhwE7eTQGFaBtEPqzi+LbYEQnrXCv75gmk98JCT+tMc=","iQ/O2GEnvD/2VmhPdCA9agUbfz+Zz8H4nfsL/tr6nHU=","2VKrQ5qq+2x9hzT7COccr0F75KBYFBq7B9gY3+hRIXM=","lFazJY/Id5rEIhB3HvYhrlhu2kw4lr4yDcEr5xH8lbU=","+NpMDU9ifLj2nonukwl20H/BCBhb9ZP5uwxd/rbv7+0=","S0f+ODpkkgIGHSqPqogdo1jmayqsfrqLpjT46M1n3IE=","7G2eTl8ifH+dK8RvxGioq0J6lF5rxRZQGWWVtFZ92hY=","bx7JHCFP0nL/4QvnYr5TFM2012aX+ChV7Pu+9Yqixqs=","NuJh5S6dLX86yp/ZcJ3i764QZq1bmy6/XVNP2X0zI0M=","mjwQTtrlF5MZGeC++gBsMlgt7lh9qc2cwUtkXm8jJWA=","7Mt46HICi44gCanGsETao2A6mnfJp5877GcAw9rBBa8=","rzHICj8ToZ+zgrbyXWtUMCs5PpSzn106h6ZNh5O6Two=","2JDugMMBI05U+E90RMNI6xhSHP6aOMxFsA2xAAcNmu8=","bBm/9KZcpEf+XgH/Fxr+yBO00GGSuLLpYEryx9f8TpA=","YRA/83TDCfGyatYvq2UILZe7WZOCSNt4RXxC/CQDpb4=","YrrQkpFdrhDTM7Ctgse3sXNZr4DPVixOODEw+saW79E=","7my0w696nU2KG5rkO5dDIrfb0MoiBiHI290X88eEbXU=","dsdrQz6gCLOUAXkiT8MZzKRl4BEiHqOlXags5P2ZZ5o=","r3eyPqARs0S0GnENWAArJfk9/YjjNLNjGuFHea6/HwA=","HoId1hQYNgwvlt8PopWq07bt5iKgqes2Y+h7EruDEro=","pCiF52gBH1JkrLt7i3pU+Q08NVpvA1FOUhgtlGcSTYM=","8lVM5PU5h+EI+7fdF2RvqpU/V1AjJ1YXzkK2L0LzhMc=","KrUv1GJfMiYJlTg4AzuzAO2tcArOkjVdizufN3xFgdg=","aj03IGD1Qo2Bbdzf46RmXpJdsBlELYKYp7NaAJpAUiM=","dMX+UsJYa+tzy5XW9mB/rjuD8pLlsDJ/VGupWqqp/Uc=","2wFgdwxzzRu8KeUJdy7AUoyWb4e+Fj3ImNVv2mNSRLI=","UWP+dva+oJ5zUOuyxZhjaQu2us6weyHrRFWI1dqVBas=","BTUlpFX4U/kd+dDJ/uOeCiIAJ89Pkml0FOxLcxMd2RE=","pUP9TuFJjGr2rsjtazw6GIhNDGi+gZfh01rB83qMF3o=","2JvIs5XzBJTryQ7PokY3VxgO7AzfVFgGZzlVXu92/EE=","PM12GraLu/vdmekOEm7AibvakLBpzRnZPdVQmMufBuc=","SS9ZofxZ0NiWPKbDD1BGHFhstt61AZvEfL0K8NWY34Q=","rlWsHB7DY/4+pJcGpRuS1qSlM01Ws1VNmkEH4W5UMx4=","iyT05POLbJrjyUsAO0yPmDAKSGSWsz4tIkGRw9PaWLU=","4s1xvFhtkG9qGyaXwj/yyUGRxoTG1duTniiuP5KDeHg=","YnoBVPjfM0UcJaxmIxDy8eq1eSWynMO6TclE+5ffSUk=","asjO4PPYVWtA9GBVmvvGVut68OPzSsBWkjgHcMuOSpQ=","T4uU7XAGsr8q7zeRfciFfC94JUfuQx3cSxKgxRjfV0Y=","PcWAy0S4prr7GoX1+IoIpY7I6pRXELhJQ4W8lcA7T8U=","yVptNmnJsiO6B0Xph7E3FVxTxo8QkOKH4aa7ZKOMdpM=","nUqtJvM2tYFKokRmxvC/wqp03iU5vDqHXL1LEJ13hXE=","LIZOPcD2m7/Vcl+0GGixHhLx6rPFbGDVdtEh9Iu3jyA=","ZoUDOmVmdWuErRqNp76tOCltioGDUQKSOSTRxkPsz2k=","pByPayPF+8QG/2xDunJKW2U9tTRpMyaGwR8D6yhN1DI=","uEkzKPOwyrXTxMi2LbOH76CYa9aTI4nANB5zzmCy+z4=","VbWXenaQPN75nm8xGMhTK4PR5cAazIuVEBVd/xzf82Y=","pBbLZ+qhiOvMCI45LJzFs/0rzS/1R6X64uOkLuGuSJQ=","b4M1Bko5mYJR/0K4DdoBBpQG2esUfYILJzuNf9X5qHc=","wz0wppumVqvwF6a8kceZ4ifiPsuyJIOusFhuiMC876U=","F/2Kj+6p8AE13yA89OmBdb6IzujSK33yYwQtwm+B9i8=","fLPehUuJ1gwBCbrUmhih4P2fsg7O3rZMs1Y/8bMaj/c=","7h1Jj4iSKwSttU9+w/hzXHMWtg9O/Hmn9Lp+8FFF2og=","k5NpCxu55g8BQ0LDsXuUwKTypQ14ptdEvKXIF8GCQCE=","21SixrOUzYC99TnKreP+fBtojvlaaws9GmUxaUGcY8M=","q4+odSdt+yjdiOoKlnvACglF/KMbJcZkBuX5AYUd2ho=","6TaDg/mgpJ7qPJYUQiwmpQaVs2VQi3aqwSTljCv/CtM=","921//0nG17VxJFad8So/QnUY4O+PXufE8vc/pcbrt+g=","+g6Y5d9iJWkEqzgkUFOAK1L5EXZ4DeV5KvmXmNsZGxY=","xGMp4pNwSN6uOYVY7oJRAAJK7MG4NUephmwCtbmAJWA=","quvrBfPg1td91AgtBj9HTqw+WJrsGTBcdPxBNAnJttg=","i7o6hWfgyTpkZJAM/nb0+ooQFIiJRWAHJTzI7ZbJtvA=","qYye0xRaM32JoBs03TeR/THV3o/3/9oI+TkxdDQh7U0=","vlXL+cmShRKHSJFIb8pVxe3txYQz66oJRRb3RQYmBJY=","ry/2QcW1BHhsoufBhH4jMNn3pNFjnzdbG+F61bdbcGQ=","/s/8GEnacAnk2hcRYX9r48iPyDhQhco8ZpomPDjI14k=","hsSw6s1S1DyUCPsIGdZ0P8yS1Jqj8sfWchkeOjrc5tI=","dgCMcZ9i8IPR/MG/GlHwdNkbgMbqKJ8oSBSdswDH28Y="],"block_size":4096,"path":"editor.156c3790.js"},{"block_hashes":["tAI60nbQUR5liBIiS4CUS6BlI1GVnD563jobSPXaJ7s=","Af43WA2MyEpYxvaG6AzhAKKESQPgubW19WG890iVhnI=","8oVTc6UymJU503qaAJKzYFfkuqkVW6r8cVXWlpZ4FcQ=","gw+DrRDKdp3dY3/dYEFq3kMqHmc2NQFx/yTeHSfbBOs=","rwuKpCib5pWUb9IyIS7+Zlf10yOWYsByRx+BKLIQbS0=","WSewI4Xnmpry+CckIxCClcaaguvR9LjU6h0MIPvMoWc=","Q74wCGb94ZfTyiK3F/Myk5psWlCpuNOOqCL+HK2xADc=","6lsmSElGk0nOW3mTY8EjjMLB4hTeol1o8WVFF1q7C/8=","bMdzghXSD0/gCWTSfQ+ML2sy1an6iU3vr8SgTpoX4/4=","ZVO7pP/k0aJeWm3lIZgoYVejXf6ZhMvfcSDD5ISbY14=","mWtSpc8OR9/XGYyMUqabBFdLEDy60HdhDSSiLEk2IEA=","Rw8dZF1i54g9shN1LwkD6UjILIELzxF8CKV7QmkMYuU=","Qz+AQsOezikLXt2Ii9qsspUSsbiUo/DzEghTyhv8jHo=","JS1HwY69BY3GU1Hw4ifyciSCWt9QAZJEERRKx6h05+g=","kNxrowKt5hsaR/GmXiD2B5dZHONDEOZKwJExkd7lFp0=","0uCVJWfZlH0uHemAx6tyzTHer82Fi/ika3pMSm2fl4E=","u390W1PE84oQrg+yjaraBk3MxIFNHYlp0L/0fJY88Jg=","uMzUg01lq8uQokmFtgEtQyKy8kPhT/zhpApdSo/ivdk=","87KlQB5avCd6dRg8fvd22SYozvermo7h9yJY8KrsZAE=","nQNqVn3jD9HOcek9yt31HefJAfcZ/yNTzmHE4CSiYzo=","a5ZXsry6hlgqBtF5H3G8MvJdmnQFJLKXtN/ZkPRV1aw=","5w9YgZ5VuMYjhm6fiM2lQTiV4Q47hNJiUYP1p0T6oKo=","jMCgGGtcjgUPm/V88sij5Cc9hfj7ngAakekqayaxJH0=","GC9P6ZJJ48+YMzhFavbpYoF9RbcGBIrpf5i2lG3ID/E=","XW177rl6MzABePRt83oz3W+2a1BYAgwQ3LBXtj/U8Y0=","TYhNMYLgi2m0XbPNiu2zZH6N28oy5MI954vqOmLzL+Y=","iYxVwlP4jiyMQFUWQUWGBI/hc2u+AVd7MQo4FZKzKso=","eNO72koZ5pOXRk0ddxS4uR2mhYOVh1sPOpYa1H6NRvo=","FGTpNYG+LF+3gfoDUjDXM3UenOiXCA3ZD4boNGt4T9w=","9msWFgnfX8uhoiHiU9Wc5/nsZ/l2lLMkb4LchTOQuZg=","ojmPVkxd/JnIfww9CGUXBqlXrIecBWbDdnhuaTCNNsg=","ur/rvmUGTbrBewRePZ277AloJJrW8Ve2nq3B8XswJ5c=","RTYcsNSqz/OZPwVh4XTE7Vg4h08oVizGxEyLpTFwXAM=","CYqCfQSaZgHPD6DFmeKqH92it915Ffokzy6FcsI5SQw=","s3hSaAQyMk3ueVscuBcfp78QPTDS6IIk1dUCLAC3zjM=","XRO7kkinUIwr5CBXYFzuDT06dV74zLLEAilBW8aBlX0=","d9NCs0mJyqnu3zExhlRU33Z31rfGRh37++7b0OnRzf8=","l9PNOnZUtPMcpbjOn03hbBHE7n/brtBsuw2AdWhgGv4=","XEeswmXMiey4zKiXIT1DOFtndE0XX/lBEJgZl+wEdTM=","m87hZ5r3/8fryAi2GpXExIjWlcHCqXALPGWm4IVz6qA=","8TdSfwdpph1eZDNFQCHIefiMDnuWl9qvFV1xvFLUp2c=","PLCLpiVZAMgxJhWTxT6n+aMC0PTni2tFVRGZPFgAbtM=","wz2UmM+58cmrqq5mtn/v3RQYaf0WYBfXrIVNO2/WNDk=","Wg7RSPuZQwPh81cq0SpY6pWlG6/1h1Rd7gxd37D71cg=","FQbCsenWosXwwZgf3G3fQ/9MRaUA1LZxHbLbPR3Npd4=","kkwzEhlbnZZSf60fWSaLveifBkELfg6Wflra3foqtHM=","A6ziBoTGoyCWlHBwb21WmIZMnwUEWIR2YT2yajXmx1A=","DzSLt6DqbR9lV8AVGF8q+9KZRnZ9BMkCfxqNNzS/OrY=","3N3sEJLzuydU9vr6LPSnTysyqjtjVGepSeAHf87qPmk=","adloVkyFDMPCemu1QskPd2czBCYAvR66EkX41m5m+mI=","ksK1FtDQ4+gwRDBn3t+Z5lzNoQNys05eNPcilhm8vh4=","bHrqyaI6wi2LQtcriibKZ2l6x0ihOQDoGG0NjQFDAUU=","jrXZQ2wG5ZPpfoFSyUEEPZE5AIj7Ic4qiz4jY8qVpGY=","wg7CTs3ucRMv52wccRMU7ZwvsSj27UckI0bNFVewP3g=","BcdyXEf4EvTq8BU5APNq/RgF7GfNr2kacJoM+SqLEyM=","hlam9quOfTfS1ag5MJ6oMCuQnKXSBkKL9QltmcDlgMY=","pn3EPw9zgHs+l2ju4pQOuwvH1bTDsiwnaNHmI4nB0Mk=","SILk8nEYV0BVd5JQQI5IctCGqko82ScrgYoNl0YvEHg=","qvJC1wh8KMUnNAUUb4jcJeqyCSn0yoZt4vRHTavqgkQ=","PDa7B0pMbs2n2qruhMkLDvirWimchSpmzVzOX2ZcFkc=","hH0k2a4NYHb8XGqsieG2ITjHFe3K+82ZdF9Dq7v5hrk=","c6sm6Ug4HtrZn77VAL5T1lhQPW/cmo6d0vsP5upVeuw=","Wckpxfay8u8C4qmJdnNIoRvggM+3o1flZ5pytz9xSjk=","aPNe8/jl1eHAcMcwUwtUXPNzgtp7G455MxTygiNiW6U=","81ajUmtPwd28PFx+8HVRH0H5k2aPkVEpZDkMTFSn4wc=","IsAIK8nu7KF7HmgJTXo4KrLXx5NRRmIcFweAyRambmE=","PTdQA4sYZAbVKFDrCgiyN4w5dNWl9hsFUFN/3PT9Gus=","IQosTHYKmPlcYo5c5HCmkzS7yqLI54qZhgTdzNKMiVI=","jKZArYKDd1SdZnoT8fJxhh/lTMPVmkSCpSySjXIfT/g=","DbPKvcEbArU9ff1i48ra0QszB3EOMjkO8xkUhIFbNPg=","kf7FOngpEhZgJvKhy2OCN9c/LXFSCpOmqVV/Lmih45M=","oimRoOzUbq/PipIGlXgvjKeLyDQ5gG1fw9SizRe6Jgo=","BrAAQjmVncFiWaZmWFbRuGy63LNPdpaPhQIaLkr4FT4=","leFndluQ9ADtXvZoTHyWWWe4nEdWX/suD/P2d+PJFaE=","+Mg3ZWCkvwbAuXdppfhFeCAkp5JZttIxZAj4axtxiPU=","eL4O2A9b5UlQEVgIy3tMvFVXESvoEX4t52iENNHmJSs=","UxUdds5lTFAIJTHXpxh6gB9nxgx/DqMTOqqszukvJwg=","ZXVy1mVAqcENxIWDjewZlvwaeBLKM6zGkO+2sFkoXiE=","7t6I62xv7JaeaiOvPf2KGxs/5nw0VJNhekKYVNb7h3k=","8Jd7fvwxHHR44ss2QgmYUSqVSsITQa8mUPsul2FKLM8=","qvR7vxafIdpnB6dIThS+q2ukZSXwHav0cKXGfddrVLs=","XQUQzQjMZT6ooG1P68flgA8rnjbdZR2pyEU6lZUQ1hs=","QxgfkQwFeiKKLicMFZZ+fOJJsqxAN065n3MXNzHGZUM=","yyiIpEV4ZaEPFSZGfbXJZ5sq7d9HyPL/vrW+49xHaWo=","7TbzlE4UmhkbAc5YSaLnrQDB1N/TQbfGuJw5x9ab+rQ=","k7YOso17Fe+i5aAMro3OJ1J3okHQwmhpImCzLKbv76k=","OZJTol8gyPDlic7f/zM9MQ4duxvnOLHLqM3r7KhI0sU=","KKay6Q9NCdf4WLNONAHng7zntD9Gt5ouO4TODf5ou9c=","jjQL1lz6J2pN5v7xHy0n6QpVLXLpRIxFCyqssVKHT4I=","R5q53sMJGwwZf0UUAFjZfM4rVien4MLgglDTdSALK0g=","n3GKctDHsRa07ABYgRjNmrVn6hqdKlY4ECqVn1HgYVU=","7tn9Vz6yPLDT5HwPAXNdhCXmX8kUJK62kZMRCpGce50=","fvZoWdoWJ2sM/n51SXgqnfav1B7U6qVRn16zfbLi7Gw=","g1zANZShc5fEc4fnaSIHTcpcgCO39JnGHDWK4pwnUUk=","3oK4Alj0Cf/q1Jqmb36fzRf5qRGv6WlazVfpPOKAsks=","RKOP7ulrnX0jh8M9djuD87Ez2yNCFxpplOn1XlaH05A=","A3vMS4c/N9m3tV4fq69Gseq3QXY6OXTJmgtYybCvJnc="],"block_size":4096,"path":"editor.395bb412.js"},{"block_hashes":["mZL++bznWRrXugL424Vzd9yYznZFnRj0bTqOuvj+MS4=","GCnxh8v5VRvkSitxyePklyFXgRiqTdEsLjkAada9Ayg=","O+/+acIjWeQFMgJSACte5xwlW8Ro4x4LtQ6I8e6sI7A=","dI5TwIGt6IFYROpcbIZ0qU1baWsG7PMPfeXS5ZsInMU=","f/2/bsKbYPbFWHeNC1iF7wxozoKIEFxQdKUTevIihgE=","eSo/TxN4hKLO3ZJHUg3yvya5zl9y+Ndmz5iY61d+hVg=","lR9DhjwDWY1g54Fboz00AIBAbDR1nKkk8jnGUQyEdbU=","RVf80/kpNcnt77sNWRXjqQcAdcdXwgJDBqKEOyQN68E=","XX9pFldLFKhY9G4g6vDDotjNJvHv/4kqvwah0KaXiKs=","qiJqG3eIzk3/0ByXic4nUtMOnev65YgwaO/+nW9kW4A=","dp1KzGgfDlHbloOWoRCc7Q3YNMuhKou7euF3eILVbBw=","ClmuQDoOgsMfm9x2yTPpHAg8TfnbWAPTMnd0ZFqkxSY=","bV03ZGNK5AdpjbaiuSxB+QzwrDcvwRGAqFMu//VTyJg=","inv+e6/H++hW5OdqHXdOrQuz2xnsUFrpA83ohX1kxB8=","2AfqoTd7Z+gokcC+uOqSSu3AOBKaapF0FRdyDSEEtIE=","jJ79HvKP+Gjyr/Vc1ksae+QMLcirM/30HYsbK+uh6lI=","fcn9bU6dfSdxz/33Afac0a6n5RBmXuxTd/38Xit90j4=","BkccdoPIddkEn6O0Fe01D//yVALJK2niIazt5p7i9eM=","1SJrBh/oizGd50SqebqVPZEthtK94lg7jui1Cn7dKcU=","QvyzC1D2Rw5xWOeOaJyoPuhSFdwo2OFV6Q71Oth7Ark=","AfwcreQVOZ1Eol9ATiYa4t4oWvEzj3EWLEsvHc3M0s4=","QAocj3eO7A5k796ma97EMzElBkYu5F/ssOTLx6Dg9XA=","84UeUNRhmNCEub314R15Mr7VuVnJ9XfhJ6xxrg+UfYA=","iQn0qI4oCxb3E5vRWlDxB9hydiOJ4ZhKMyJD1TftTVg=","y4ukH46l+Fo6La0DdxkzY7izbNU8CzsGjd6ACNvVL2g=","r4nhqwsB15qZ1zqsZDu/TwTxc0W+A0uLbYoFyJh4+ug=","Crdi3SDzgXG7OOxSnaKhesJus5Jnx3FMeu5rLFkCeQY=","unaRtY4m9q3WcNqlehtqsFBI9ewwybf1Uo2wSF0028k=","SBEmV4Hi8tX/1OE2XQ/T1qpiqez7dEs5BWOV1tbTbzo=","nvMeDjw0c6cEMgFdRUBauq8LGkE0O3khNL9mZzbXmKA=","xMCcv3KGkgd294p2YlHNIZVIwya1NTCaD6wpX2qylmo=","BCNHwvu0TX2EsDL1+vTdox4f8Uf8d7+BXrVVsyltMxQ=","hYVlY6N8MVInbjz2WZSQgn7zSomXbaoIwCylPPjscXA=","h1aU0HIZMAlVcXd5FVxmxrMeFuyF92EIhj3ejWqBDoc=","IrdfJkIVptUPs06tC5vGtB6A/SW3UR3EGqKhqx6TL3o=","IXztfnpU5lRuos+a9o6CSlDwFrNevIhz7Qt0JVneVB0=","9UQToXipO/+Ni+92Ix9dtRbvL3SfttSlglBE+i8hYbg=","tVM8vpZWhHspv6cHUbbJcRPPaI1Jec3E3Wl0VGF7gyU=","xRdvqicCyQnFMCtnBLrQXevj/wYfNS9GTnV/1jNQJCc=","72JNdXMn/SGpiWUfV9F0CTceoMY9mysuTeKYSX1dm+s=","nv37PVZruDVXPaELfsC2disMIejvGKkgBz8Co908gHY=","7JwWnQaa8VniAJ01I/grp6+JioCJF8GkcT4oKqLmUSQ=","RhJ8krjlv0411JRakjeL0np4utNxldtx4V3Tr1F2FVc=","lkE/Jtwk212ryAN/dEMKvQ10I9Ep+vZ08t+oR2iPnjQ=","vw0og+UZHtNkY8UhB6DHL2hufyTPBNuLO8XGaLVepMw=","TXrz1iKg3K+K7EkgvYVxAOTUBgDG8LeE31J8Chj1mzU=","bPken3KxMgH1HI+KzvjZNKnJYWx3IEvgsaLdPqdDizA=","n7/4HH6ixlsvT2BftodaU5+F824kHgOYmUCMTECGEbY=","I8+hhCCT4iN7HqnyBWpyj4XIWj/aq3QDJc25OYSEXso=","nN4IES4tp4PwntfUOpY7lPc5qq2BG3tKL6ySAKqkjUg=","cG1su0/G/41IudMm+C7X/VkFbZ66arPdNiBfTK8olXE=","0NlkLyUuhl5TzmnwGFXZ3bE0vSdHAwdyJ59ajVFFy24=","2IbXqXSaiTwQs/8UtQctONNEWFa8c6UpEunpQBeOFIs=","FEdlGKwnoYlJIqW4o5J4TQgRs6Qoz7Qns2J2QZFAsUs=","TlafPsS+tkipPlmlhsB9o6b7xMEK4ZDjG+IkJrkvaAw=","G7G5kod3jaOnHvywGmEXI2j8DOLqD9Vk8jtVjwOD+U4=","iR4zoN4UWjsWyi7xbgzehyIzVuYeDIZCzNbt9GcoIBg=","ID3m6wscDwOzVKZ/jEdSipIFfHs7ySQv9ziIBQpEfDw=","F4NIuYEbzbks03XxcurYADIWkEqINpgQyRUpDNMaBcI=","An8mCGm1VBZCshZFExIg9jbUodyBrSYtejicC9Em9fU=","0Y+YmaQ/BO0lPDjJ2ZysdZh3fNHwcfXF3t2szSfiOmc=","3RKedTv2eXcEyHQy5MEpiYqCmcs2uqLXSZKC2LimZ+A=","eSLhMDVMb/DvVk/6N2D+KJJlGdZOTPZhnssM9GUN6Ng=","G0dLg9YgBVIoMosHkjm3ATSfdOguXnaunIQGsMAKm9A=","LI62gdYIoJqZyxI4FgA7su/lryFKH95sqrtDDjwbjV0=","wGqEv1d8Ru35Arc4z5BwXsv3JB6YdL1mHMMnrf5hHT8=","s+D3QOTOju29LJev3u00D3YkEHyOh/P//U1WPLU+7Ks=","tWlP6Nw7wrXD1mpMS1VMI/7lM7fuHsWeiBlWgBAumwU=","sC9MWvLngShVcPk5JAwvtNXZrq3/pYz3IkGMbOrXlOg=","2mSScFT9nFz1fOeynbEiQM/Cvs1b6JVKsS+Np84M+Eg=","o70FZfRX/2D1zp7Ji7mGGldN7PNfGFFj1qyO/la83Fo=","UxIjVYM/I9RUX8kZyS034AwLz/J4oHD4wJCdU+O4WKo=","MmBif7VbBiBOAY3MOGnn8d31l0IIHeUPf0zaunwP98o=","9M54rRP+xiQL7QuczeMtQ91LIPamBQCy76LvNcJdAkA=","Z+coulimpkMeIzyHasffne5J8PEKQaX9QUiiOeCanSc=","wlAr+PNpdA1ZnFsWO+V7caKIS609cyOWa52jTlIJmwY=","H12M4Zm1lgxieyN7QU+Sv6bkOtTl/GqUQCWq2FZjUOY=","jd7kPMtg+jlUCCV2cwKQCuqVrD2cWuG2PT4HU72Hnh4=","vzuvwy1EwbOlkaa3/9tcBKq0z2xBHOoSf+N8J6q9uSw=","LJ91Qg5LemyUHfV4wnjLhvOW/FqDzVQMUjCaFmU/f54=","p1Z98YQeCPkhC4Fu8aS8BsPmB3s6Af5Y91FHZdKPKJU=","Ga/eEa3lZwbA0eZfDKgqpbW12T7OWtFW0vI8CYsctcM=","WEGE9zhfm+boeV5f9BELcQv+GR/ZdEsMHaGvhFVzgfU=","+JDlsl4k2RCLec/tFnkyxbixwZBXbQdHeIMz1opAdPQ=","xERvkUtQInolYN8aVLBlwF+KSML4ZpQ0aEfhStsJIF8=","1b+/KZqVBzYPzE2SYDvWCPQ8nJJHek2tMY1IDttA9hc=","Ni83TfSteWG0CARzu56TqCdKAsJ0E6861icxT+SM0vg=","RRMbwfXAA05+7BO0tbwiPftmZI+dcT+Lc+bpcmxuEGM=","Yl7P2gQYOs/U8GWZvBDEXohPgPHATMRC/HHLlVLSLtE=","JbOGcrvkN0cuDsZNzQRPsHANafFR/Ney3+bXuJYt+m0=","i4GzKyY0QXhcH+mZ+VlCOUlUpj0VFGE3zU40nTUtv5s=","gV2albDT5PVpJVvGLkZi112quKObeiDkdOAm5JSX+1Y=","GdQMD2iCXHLux3e+FB3n9Kd5Qr5XWtZA/6UX0hXz8Pw=","pF/MTN/pryI+/g0FfaDRCSEU7tqNe0BLoo2yi8WjTEU=","I6s/TsSNVrmCxgfTX4PbOAY/R0LJFLMbU7bPJVDaoJA=","6/aeegXIiFReg0U+l4oGdSuhg3XxUP7/EPLGoDU7utA=","ErnrsgIq4RVAIeI9FdxbXvR6tBHGjM5FMTIYww3YRVw=","jTe6xhIK4dZq5q809zu1rmU3n0+saa3XGO7SVjF1Jr4=","K9NMzOj4LuvQTVmxa7IU9q1rgGipDRslHZI7lJ83kxU=","6dh81VRnY5CTELJF98Vs86ZsfZBOkRO3yDtya/XJr2k=","TXaUttqeaerwwKnplieUSVuVYRmbM/644qGSaB4BItY=","PNWFT9rNUcn8HK36yOwT0s+Gk7ZJmbYuGdy/v/YrVYA=","By/nf/9IV6V5ANR/vwphGFm5+rtjwANtBhv6ESvyfL4=","XNKgM1sfd91ZsehFBsCsapaKiKB5WaH7prrnsQmpaT8=","wdtGF+kTYepCwP0eYHKaJ+cHhssyislmTGmS7yki0Fo=","2nRx7IW2HfgrfuWztD/pbeFnc40c4hHAIg7G04konhc=","0vjpWG9qpeWtxLgL237gxSV0p6OmdKx1AGNoPZtYI/U=","1V7Nk9kN+6ZoN1WmaLh1KGWXZ9E9V5/KZgtbL/sf9G0=","6hTy9ktNQy+1iSXBoQQcZ4fESUQo2o/VPHCAEdorY6w=","9Z/3wPuMniu4bBq4KcqGGNSWITwenqd+ePaE+/vdcU4=","PoZ+DHGQZabfovG5nA/xeTbd1XUR9PKDgJ6qm6AHxRE=","BnEydjqyUcfEf23k3LHvM0SNIlRcJQMqa5vJC+CUxZU=","ZeqUGOg1YY4cm+HLA9dgDI60NbdqSp/wpnzDahj3Kr4=","Ae5SAg+zg9uTOf5hA9luREwjhX+NtS6B3yCVt7FiR2I="],"block_size":4096,"path":"editor.6c7c2974.js"},{"block_hashes":["NgubzeozNsY1Il9LUmnwftnjS9KHJe6P42nHFYBucB0=","WEHWD+6t60mjppEZ+1zCUiSMAyBsKctNnwKbBOjOQVU=","pvnQikIUyvQwSb6UPYYchRqcQNxqVvSOAwcyC/0JJ2A=","Poz3m0dCeTrculegYYjcr+JFf4Y4kyDjOdC3QiTV3oY=","IgtOR4yDHbW/vf51x8mceo4uOaJvSP36KBD9d14BhAo="],"block_size":4096,"path":"editor.866f1359.css"},{"block_hashes":["peT7JveLW7M4JJKDKgsW1XF38JLs0pJ+WLu7KAArVwU=","k4sRyMAs7Vt4Ytk+3XOuHlNUqmdiYOnJDGY9AABmeHo=","SjDTMxQ2JXz5jaFo7E7AkVFfEid2adud9Xdb5xLOolQ=","2ICoz8Mtr5nJ/DARc4zaZJBtOsB1bwmCJTHkCdDDpIw=","GSKweiO893rxRvgplScQlwT3n22CIGdTWX7G/kVa7yE=","HIOdjtxDU+9PTlSvZwEYS45WTnCLqQFH9ToC03ixxy4=","oWYyJX5Cq4aZzmWj5n4VsAB2MtmauROnolNqOCYahjg=","rOc9ZlTao5VXSljGDPB0zzFcvwJb/EDz7iQdIkpNS1E=","sST5RG4RQUxaDy92P02yADVQnpry6b2rOXSsM7ZEil0=","RN0ZYxXxQ5nVix7d00AWhCLaevOxdBXMAIHiuFNUHh0=","G1BrJN2m1l46PqnOjK7kGo6LoPqL6nTYwLUH+xj2AYM=","70vYDpbE2+ibM7agivZGfkRJyQSB4oBQht85VsRSg/s=","KxrjxSmNQRlCXvLODtbwv1cae04kwlsG5U9LZko7kAg=","EAfICnvZmlgmm2vqTadgWS4pQKB+9dOnh8xDtT+8k0o=","QnK8+3BTrouDHciV70Pco4695Uhv7qDZN8mLiNHA6Rs=","Qedian0NvGat14A/nLFUzX2DyBd19Cm26Z0mL7kWsJI=","hL9dbdDknfPrW+QY/DSbtVQs3gTewhF9IrDrPg4PSjQ=","rQLlZwPGDrhz6ZET4gTMAft/YggWWeBdsIVDwTrNseQ=","YvjGVa2Lu7JkUKkfhZiO7hgjZRbgN2yxxDLEeV/2p30=","rJ3X6CTWHr9aSfC/0QyHCRGLizwkTVCABuTGfN+NBOs=","XBwURxX69P5mImFBudUPKVszTE5ooAAClzBYI3do8no=","CRkQKJcvVL6IkTTVM2BiKIJSabS1s86pxTg0Rz/K1aI=","ensOygOy0RvOFmKzSv3ouxhMU3KNLnC0IslDRDt+oUw=","I3r5LDRio1ooip2DkOB9vf3xJMEDj/Bmlg2YoVFtElo=","cw5Hdl7B4WYC92OPrr5nA06uClTWnhpDPVZIiVbv9e8=","D+lJRZC5gLTdyeiV/L85WygVmN7Wfp9EiFjSc1VYIro=","n4t6vEf7l2I3xXuLgjo7LuXFieT8XzAMs8n+yiIEAsM=","igccFR/sKCI54w0GdR8KcWg2/1QRqbhlu7BokA03cDc=","BfMR/EDsKkO9y2ThTJ4wybexFOm7+oCSJt4tpO/joK0=","TKXWyqBtQYyARwYGKmlEJ/KUgMSsOLbpXE4WDTO6W9s=","kIpYMoKBRA0Rhq2M0f7hvayDFDiHfPyvK0AopzKM3Xc=","wIrqgKOc7SShVrHT/nUo+oHtbxGV4TtwImgGaRLej5E=","ni+0qZ51OyGoru8F8ef8rRwwlNFIwrKwUN+jCWWxBWg=","JtKgC5YuMPgwR1Iah/xYcp8qUdkgaLEXu18593P3Wv8=","3OvIqvl6zP1vt7WopUoWe+ZOQIKFMAciF62HGKQ0C0A=","/9Y//cFEANrSkH//fSEytoUdLdUuB881V7VKmTXsMAY=","BJIa4gyazUvpyquDGHyCR1a0LSDN8QbbzHKu/iHGWe4=","BLHFof7QfTnZGF2ZilPamB4kJWl6kwxJ2CuJJbCh+Uc=","mEy8bPt6gcWCVpuCMUPWJnsLaySZcwm0vJ4j+Tr/oHY=","oejSduJ1sn6dBnApERcsqUIjfkSmjCCj1HdgEqB/PvU=","YhRagtSY5xOSGDH/k3BRKrbPOHbHDOSOijfbyF1VkZY=","MpCy0YomOECaR6xQxAxsoFOv6ZkDj3/+KqcbU/+19vg=","dpxEILIqaIWuH/d6+2gc2QCqDeAjtQ7VnmRXXfhmVtY=","X5wUUXdbVd8cQAwqdqBVLfHws9Ie0iPLk4uq6b2Z8R4=","+dYqxS2FMQllp6suKUoBA4SwTW+/s7I4VP9IYhZO8wA=","A23HGGqrB6SqwOl+unGDVWUW0LHBn0cbxvgIxcq2m8s=","x0aGzmPr0nWy+LzQW8Grai4dgerZgIK5iZdUyp9962E=","5HlVieJhz6ifIGCfbGGz9iSXAfn/PtorMF982hEooGw=","8DcAW5HrRrwR5l1Bke/UfdW530fa+eFALDQ2KsttREU=","vzT4aEnjDHSP/0jHELn3Z2TrCLglvXdOPXmMWah/KxE=","FWMejmp+FMw6HcmpkhoS4dcKTibsIBy5FoDucyLufjc=","4oZaSucfdLz1TBl4wjPj21rCJ9xKaZ1HC5evxJFQMrQ=","R218jVovTtDNAL1bbgjkVirQjPboMktq4PEKj1iZiP0=","tFz3NYomMnTvttkLRjoDji+XFsSSNNy0529eMDDXF+4=","B/4WOKRJSCH+VH2ofnZS0DrY/oReeZ1N6YDfx2HGfhc=","nRzdjJpBkHHyd6rD5lyZ9yJXtNZL38vfWci/pWgrvVY=","v9P3Tn5ciGHASHPu5DfFs9/OTVlLn7EB5BYRIFFkM7g=","sWhV66zTrNOairxzm2TcTprPa9m9qkrjeh3+8rOcTxI=","kmKsefyTbIn+dz9Fo6YNeep2Y+TrFBmScFBwp+utMnA=","kONbjFLAal6rigxEE8mfsbbBgD5hD89QiWUP+j847GY=","6SruqpxIvVuUuxGjf9woVKIbGm9ADDyAAxVIXIaGKGo=","PfWKmNTBYRI/83YxUvrYFZ7oSyurjrWDbWSXleLvzLk=","KGdwsEIP6PoLs36CQ4kUVy/SHik5xMRdsZByaaWe1Uo=","a2NJqHrD+bvSxgSSMx2PeuSAAHGV4gGFlmG2BquxMA0=","mDaAZ0Uy1yFqlkHih7/LUo1z742SJRs0lhcQEZNDr5Y=","xSNl9GIgxzEhoU6tkNPmDjuU4CPs/KXy4YW0VWVahXU=","YhePZFg8sH9JMh2m/zcwf9gqFbW42I+Ceev7zcLMnjU=","dNbh2FhHFmunoXmDFqRANtz4IRzq0ipGHpbyxw1CRZw=","8vr5dKC/xH5LUNstfvF0sFkWsPfyC+NyDk+3GcZYuX4=","mJs2LbFL1nPEuIM5xsRaWsN3XF5W4eApv1O5mOADgdU=","P854wnfbClK4zJHvo0aMPpnF5cne9aYkdFE5lfHwbH4=","8cfju3Vc2Ozwt8OD2HdlEZATRQx2wpeAbfiiKDzYk3I=","qy9f7KcEpFYrmZvaApjrGMGQy0LAtVvDRvFdLovqngk=","RjCmRhgoqTnM3IsG57WXQe3sbGq2SUKSc5FjlHdUX0o=","kTe07mak1Xqqsuw1spZuoFmrDvT28lXnhpNemzA2Heg=","55Y3X/S2DeAZvpLtdHK/YLslCUd+vwTCwbDM6ONDmJM=","dUTQn9qlkL8bH1O1hrIbXLmIvjpJPresA4Q998+Zks4=","OFdapTC5Z/1s2VckruzIS2iVqGV6iLEKN8D+upjAE+s=","FjhUAUA8q0ZwX+qOlZTgK/M0HrUuHiBp0ShooUJ6UaY=","HtXUVJXux2ynjuyR8Kw8239GzDQB/NPUJxt6udUVKrQ=","7Dt/mg7F77AaorBVJHIZJRdtc4ROYf+jkZxv70hRqNs=","p5HVeRLhQ+Iinz0K17D2iYTfSIC5A+eGK/UD1nR9uus=","jc9rr6H17NOJ6nXDsk2loR7YKlpbnCAYjc4xbEcT7I4=","WeTOzmAvM0aw2YguZcVy+J+AHtpG3704Ni1tBHEt7rc=","c/hThTqMgb5f++b7YOo+HLiQrFsTh4aF80zoyU+3dvg=","coVo0BK3PnVUsVtqKpnxWyc/xG7Eyk1A9Deqk+/0CHs=","dgVQR1YflnV9NA5EazFfz6WIKJ5Lv3XrVRxXooN0xnQ=","oQAVIiHcPeJOHjIb9SbFsnPXVW6Vu56dunX1+8tpUHI=","Aw/R6zU8K7bpf9UkIiSvDTrPk3TMBrpPvHmdlny1zII=","6grG/oo7HPo0SE1Wzw6ei9xw7U0pS4qBcfNBJ/YlJLg=","M24IbFd4MyrwJ+pn5xj8lKwGwPZH5+DaHJ3SeH39R60=","yim0oT8ZwwuBExjvnUs5L+c3WRAzlx5M9yqASSYH+8w=","3sgP1Vi5WNZesMXgX9iDVaz7k2o2vyWLgQflHj3W1dQ=","ypDFHSQMwPfIuaSlRJGAYcxCaNtlsL8oEefXabiIt0g=","oiAirP92bZ/BDB1AbssHs6HwGhK+bgVobzT4vySSrYo=","WnkX2hPNFYRiRJb/EDiNfebXDnJwB1aOsYrkyq14qu8=","Smt4eEsBzZ6qdipBGP3l7KvLVcxPTszi2al9GyzmPgk=","0C8/1UHbXjJ4aghxTchPpHgLVSd5oc5GtKfGkW2ay6k=","h0qP1AmOhChs864m85rb8K41EVTcDrlXgoh3b4EqtOQ=","y0ENvHZwWpWzi88Cc7EnbcyQIipOl226biuHIYw8f7M=","R3EXymBqxOY/rIcRR1BDM7NIbz4iJ0WIAkzgoKSZfGQ=","4G9hODBX4mE+nJJW2SC2Zxm5TucHQoeCXXGZ7maaNLk=","QfTV+/yx9lYqcbFn4r4wB67GU8/PkXSgPRN4srazsjA=","9viW8slLZ4h0s2jyTCeytzs2EzUDRYTGgX/g1YW+E4M=","rpZVhFtmgGWohVk36Ih30JwybTsVXf6mKVAwLgg3Zkk=","/B5gBvnZLZd7+D6HbbudLtF0U+U3QnRQysr0VKz16As=","xezXTdopPWeWqcnnexVEuJrzaStBT6F3J1iILBfw3sg=","5OdjmKe3DxWH7HmhZE8qC77n6jjaHJ3wxFA78RDghKU=","jrQkAqoefgxU7DamiHLcKUw4i5JYAIdGsUbjiap88lU=","uxHyuO44w+B4iOWMpiayudtIbUvdU1vmEGF4HwFfnGY=","Cb2ImKB2gGWh07dmTTIB3zHTFWi9lYtwb85Piiuq0c0=","oLqt1LQrq2iLWdu+wL3x3l235TDa0eWuKALjauc6ugk=","uZ8PZcPZK1E38IIgVA+4y1rM1NRsX9qwXP4WVEq7Vhg=","86lakb/DKKWaLUimc4ttg5d0+i2oSSooKK1GT98/PcI=","ZG+vghyU4VuftZcqKxbyoXmlrny42KosxnInjm3m56A=","dVu8LjoXjcaM1iJ8Xw38GSKOP2jALdt9YHppe+zO+tU="],"block_size":4096,"path":"editor.bd584bac.js"},{"block_hashes":["dqsG6N+rP4o4SmYZ3OaWXuNZ+lGE/Oa5OdW24HnXuCY="],"block_size":4096,"path":"editor.html"},{"block_hashes":["QxdPi1RDyNF/xjj9IK+wCDNEdjzQTS2y6X6FVhk2+88="],"block_size":4096,"path":"emoji-smiling-face-16-20.de75cec0.png"},{"block_hashes":["INFsC2Vkbvi424uH4OfH18O+6a7JySqyumemJpQxk3c="],"block_size":4096,"path":"emoji-smiling-face-16-20@2x.5ff79d8e.png"},{"block_hashes":["Yg/EUn1yg5wL9t+PKyhFDFIKaf+R7kwMbPR5lsplNUI=","0I95m1cB1gVcb1rWbt/y/OdFE9cyJ8kUlEaC4xHLO5c=","6NTifdI6iGZ5n/EYBAGGUAvM4fN8ZmyEtWUmf0n35LA="],"block_size":4096,"path":"enterprise-emojis.d0c51a1e.png"},{"block_hashes":["+Y1lXS5khubK3wVU4FLPF3jkccoDmeOjGLJFh9kHisY=","AtshmNE5E6Q3anoELxFKArnuDpg8J5rz7onByOe4Q7k=","eB39BRNvf04YV0MMKq3xzXD4XWJ5Rn2pu23q/CJYteY=","XAdg44Ejm9lucuHiQBnDycmNdYvsAYPHsEoh0JFSja4=","mzcO3njXpE2soDmXX4G2nhFAIeRfVnlreqGtTAIYfyA=","VBv5oFVeKdILIeVnBNTEPipFr0fQ+35RHFND+nJcmvQ=","ONZW+rPWpS3GjFO78pNz+/df8+Q34QAVh+L5y+kzDf4=","oW/eVPY1GRF3+Tf/5aaipkrQqLupr4pVvXldnA/UlLY=","azTWtG4t05pPUfG580iPIJIjte9o/+xQpDrTpNUsKa8="],"block_size":4096,"path":"enterprise-emojis@2x.84b7476b.png"},{"block_hashes":["ZdyS5OIlibLM+/CCgsbRKgMD723FgV27Y3s+zOQ+aHo="],"block_size":4096,"path":"hand2.ea55fedf.png"},{"block_hashes":["sZ4f/u6xZ06dEAqvJn/v0BQuwYekNVnsVSfTOtpmL5M="],"block_size":4096,"path":"hand2@2x.88cf7bd5.png"},{"block_hashes":["rnRXG0sqfAXX0aM1eT3jBs0a5e5WdR8EynNbzHbX8YQ="],"block_size":4096,"path":"icon-999.d93044ad.png"},{"block_hashes":["X1a/EN0fR1ApaiSFCIMV6tZl6hs5E+RPMfNPLi0CeL8="],"block_size":4096,"path":"icon-back-arrow.1a17d8ea.svg"},{"block_hashes":["oz7rzlNROLeH924KbHUpnKWcD2i9GgQr4XeT9SCtCxc="],"block_size":4096,"path":"icon-btn-delete.f78c5ab3.svg"},{"block_hashes":["pTFKwjzK8KPmc6ERYNL8Yh6+O632lfp0NLDZY4ucLh4="],"block_size":4096,"path":"icon-btn-download.6a1b3bd6.svg"},{"block_hashes":["439Sc0bHSB0BGhiKXL/SXXmzvv4rnqw7LgmbubJIiDE="],"block_size":4096,"path":"icon-camera-fm.39046717.svg"},{"block_hashes":["P813JQyjs9I9wKi6QOwUbQWPRRzB+ptz1SH8ceNtMiY="],"block_size":4096,"path":"icon-delete-hover.77cb32ed.svg"},{"block_hashes":["Lc107+dgq7OuqnisS2DL2jQ6UdTLRBwrXguByxCm0Ko="],"block_size":4096,"path":"icon-delete.d7c815ae.svg"},{"block_hashes":["0xKrpXNpa5zDS3MxB/cVavCpF+MtKobfIfXr96YWOv0="],"block_size":4096,"path":"icon-download-hover.7b5b27e0.svg"},{"block_hashes":["WVA2E0MB2VYqIaNJr8WDnL9YX3UCCsvfN+XVncBciC0="],"block_size":4096,"path":"icon-download-pdf-hover.09f623c9.svg"},{"block_hashes":["bNGsibihKtROqOcq0nG9qEFHrQBgUyJLMg6vkA/Fdao="],"block_size":4096,"path":"icon-download-pdf.df590c8e.svg"},{"block_hashes":["NozIxZiwXisJuYc8JyN+WM2iW9Qc0VU5ih8Ki9jqQiU="],"block_size":4096,"path":"icon-download.4871d5aa.svg"},{"block_hashes":["/U7d886fNBGILjpzf632J//XYRhwnR1nYzx6dkL7lUg="],"block_size":4096,"path":"icon-extensions-pin-example.d2caa1ed.png"},{"block_hashes":["7AT828c+EDikZtS110k3zaPHKTHmSIhklM3mitR10iM="],"block_size":4096,"path":"icon-extensions-pin-example@2x.68b8618d.png"},{"block_hashes":["cBxVh7c0VtSF6ad5cIUQhyC1hcCv0o2kcp5b8L1H124="],"block_size":4096,"path":"icon-extensions-puzzle-piece.bf2b8f2a.png"},{"block_hashes":["R2xTm5soPwYaZa5/+wX7pGumHP9I52UI35Jh0yZGN08="],"block_size":4096,"path":"icon-extensions-puzzle-piece@2x.727cf138.png"},{"block_hashes":["lXtrbLll9xoDzlSx8md/Sc4m9pQ21uqbYOAvVGiBnEY="],"block_size":4096,"path":"icon-files-hover.d768926f.svg"},{"block_hashes":["GXf4wnD7EJYpHXKIzKZwuPMCdnPZShcttEFLlTkYYYc="],"block_size":4096,"path":"icon-files.4c5993bb.svg"},{"block_hashes":["nLtiVBCSST/jJy8sx8hzutCfHtmGScklDE0mHU6jLhw="],"block_size":4096,"path":"icon-issue-hover.dbd4fd1d.svg"},{"block_hashes":["vAXLmzdDrP3GSTSbavogstIEhMpDxi7a9Xoc027IwqU="],"block_size":4096,"path":"icon-issue.9b4ffe88.svg"},{"block_hashes":["x7m/Gd5LCwcXvT0PAIfVvd6kuohXQD+i8hGSZjs2Hdk="],"block_size":4096,"path":"icon-settings-hover.6611fd12.svg"},{"block_hashes":["T/0VIsv4HPbft01GSIyEHLmCN7XZpdAJGDNZrRlUeWc="],"block_size":4096,"path":"icon-settings.d626a384.svg"},{"block_hashes":["8IhfTBmi1U5H7GK/jBH6jgww9jj33maMA0MBhIlOMoA="],"block_size":4096,"path":"images/ajax-loader.gif"},{"block_hashes":["8vCITeDdqbFUKct9aoEdU6vb7KimGeSU6fjkYU+v1Os="],"block_size":4096,"path":"images/anim.gif"},{"block_hashes":["ddFohdAyOwIA+xtudo6vEJnIS825KQXH0BcgoTMCLto=","TVt8GF8IMtEPi1IPCrNfCvRC7NidRj6l/405gcP7FJs="],"block_size":4096,"path":"images/anim@2x.gif"},{"block_hashes":["vN59BsU3O2PvN0J3C+OCP16rLvSMkmdVKRFoBu9IZTM="],"block_size":4096,"path":"images/chrome/icon-extensions-gofullpage-pinned.png"},{"block_hashes":["d/zA4OukhKowRlydiZUg7LPf/rHPp6ALDgcJW8AQclA=","3sel3/CLuSGnCwo0PoeZcxCYuXxU/mmgmHqbk64wynE="],"block_size":4096,"path":"images/chrome/icon-extensions-gofullpage-pinned@2x.png"},{"block_hashes":["5zDVBjy88H5g2+SdvHJvnG2uNGRtuVCXR3cC1/17qb0="],"block_size":4096,"path":"images/chrome/icon-extensions-pin-example.png"},{"block_hashes":["oOFHJ0wMdvNNdU7K2E665IJL0fd3G9jHANa7UbwAjb8="],"block_size":4096,"path":"images/chrome/icon-extensions-pin-example@2x.png"},{"block_hashes":["4GSWlsHBaYX+zEJeTMjhEg0eb8TrbuV+Qrjez5oAIOg="],"block_size":4096,"path":"images/chrome/icon-extensions-pinned.png"},{"block_hashes":["R/l+fvd4G6z4Jnj4NwxJt/yhekCLmK7GFpciqRCYJdM="],"block_size":4096,"path":"images/chrome/icon-extensions-pinned@2x.png"},{"block_hashes":["9UfesAPPZ2gbBUmjQtCNb2tDgit7NlvKnlKGXIjbVAE="],"block_size":4096,"path":"images/chrome/icon-extensions-puzzle-piece.png"},{"block_hashes":["KLHNw7tGXisd9kVz1xm+ttwqLIkHMo2RsW8lOTK4oIg="],"block_size":4096,"path":"images/chrome/icon-extensions-puzzle-piece@2x.png"},{"block_hashes":["9MFLuDM97s3egKKSOJFOYf+/uSchuGNiWhJ69E6cQuk="],"block_size":4096,"path":"images/chrome/icon-extensions-unpinned.png"},{"block_hashes":["dB4VZzqlkPilwmqFa7D5vH7l5SJPV787EIxg5Lk4tnw="],"block_size":4096,"path":"images/chrome/icon-extensions-unpinned@2x.png"},{"block_hashes":["tn+2hRqUGXeFjwmnwUY6k31G19qic0V/1LjIwErfVnk="],"block_size":4096,"path":"images/icon.png"},{"block_hashes":["J+aDbyLSJfxKxcnMd95Ml2cUdhqfy6BFtqbL0WiuzxU="],"block_size":4096,"path":"images/icon128.png"},{"block_hashes":["eUpHTJSsFMWMcd0UfJFkxziQgK4D7J3YOCidQR87tkk="],"block_size":4096,"path":"images/icon16.png"},{"block_hashes":["mVEtz8hh3HPIpMdpTMY6i0s5CtFvaglE762RKgxzSy4="],"block_size":4096,"path":"images/icon48.png"},{"block_hashes":["eSsxILNpTQUgzSb5ts9QmTof9+YoXsw1mIErYV/vwNI="],"block_size":4096,"path":"images/icons/icon-account.svg"},{"block_hashes":["kEkhJUjey7fDt3GNwQUGqElqHYbpLbaGMIWbXmT5MP0="],"block_size":4096,"path":"images/icons/icon-back-arrow.svg"},{"block_hashes":["o20JOeYEbsCgLweWu9Tx4TfCAIOSZt3qG6YMUOkVUKo="],"block_size":4096,"path":"images/icons/icon-btn-delete.svg"},{"block_hashes":["+ZXF+7x0kSfukINi5jsRexQAzIFI9szY/df7Hh3EaME="],"block_size":4096,"path":"images/icons/icon-btn-download.svg"},{"block_hashes":["wBPjOPCGa8BMTTkt8v6CW+B48QESvtavQaI0Sa8xwq8="],"block_size":4096,"path":"images/icons/icon-camera-fm.svg"},{"block_hashes":["ElaH3OK/NyydnhKwmr53q6ZanUmcE4A3n6PodnLIlTU="],"block_size":4096,"path":"images/icons/icon-camera.svg"},{"block_hashes":["mU3FWeTmUQVXH6K0C7xzB3Gz8ldMV4fA3bMUcyLw8TI="],"block_size":4096,"path":"images/icons/icon-delete-hover.svg"},{"block_hashes":["HsXJZG6ujSODlybTs/zjhHh32Rg0y+2Pm7qxvNOdyLs="],"block_size":4096,"path":"images/icons/icon-delete.svg"},{"block_hashes":["V9e4YxZgef8UnfmL90sg3QFuWMD3y9/vnw8m5kK0aAk="],"block_size":4096,"path":"images/icons/icon-download-hover.svg"},{"block_hashes":["KzNwlKjvJEGYmBcC2wjdrdDj17xjYvqznOyYVgcXGIg="],"block_size":4096,"path":"images/icons/icon-download-pdf-hover.svg"},{"block_hashes":["PQx304g2/Kq1st30LYyC4ql+Xoby2EkzlhG9YoOqRYE="],"block_size":4096,"path":"images/icons/icon-download-pdf.svg"},{"block_hashes":["KN3CBXwXW+UvH+8wexXlv3RpDqtV/1Fa6MW9kzbjBEc="],"block_size":4096,"path":"images/icons/icon-download.svg"},{"block_hashes":["EPk9P+4u+yeU+QjypfAW9RKC+BsfUbcxRQRkLVXHKnY="],"block_size":4096,"path":"images/icons/icon-files-hover.svg"},{"block_hashes":["obFBnKyee9Dkv15VNFobRUH4jwCXElebLFrPSY5Sv84="],"block_size":4096,"path":"images/icons/icon-files.svg"},{"block_hashes":["fzky4Ng0whb6Ym8U+3xnUJYdzLy74QY1AqoWRraAAOg="],"block_size":4096,"path":"images/icons/icon-issue-hover.svg"},{"block_hashes":["2nx8UzKm8GXH2487H+gPRBEHaa6Or98ZU9oB0TjG+rY="],"block_size":4096,"path":"images/icons/icon-issue.svg"},{"block_hashes":["HZya8Xrtj9tUSha/crIHDikQT6FRZnpOM34yJkzJgBc="],"block_size":4096,"path":"images/icons/icon-settings-hover.svg"},{"block_hashes":["CoxWcOtFSP6qSQahd7MEp/r7ihT5TsPsIvzc3XJnFT8="],"block_size":4096,"path":"images/icons/icon-settings.svg"},{"block_hashes":["kAqQCoIcdnfQYa1BidSmpkFgQuDJv9qI1FL+DyxblDo="],"block_size":4096,"path":"images/loader.gif"},{"block_hashes":["OST3Y5QUE9o+RrQmRgIIRHr7/LOXaopodp0j3UOa7eM=","jkS+il1HFdmwjhcy6sZ1c9vaVxKXc5xBMvrhRAI62m4=","+JmBfN/pVkUmqi+nzEdpzd4yL9XSL/hLDCdrrN+FNkc=","qc93GPnlTaPpTGvUI0rZIIFkF5LUq0K0ULucK/vf9pI=","B6FGmAXOPdCqLvZAbI0pjKcPRCvbDZCGB8pY3GcEjnA=","GGDoU2SrUSDV2LQRdPIv0eozs3ZtyNB5gJLKBgiXGho=","CWZHSnWLEGg5hUMxfvioAHMQzrV/TFf7MbSYgPhmp0Y=","CzOBWWJMAOpIx2cxRYOoC58LGs7PlD3vsUI1a0idn3I=","eNgnkXt/1D0r4JjYAAz9nW2vi53/R5K1zF1Yyj1VMTw=","L31p48i3rPCt6jlVRk7SZfWr7OqBkrmQUd2vaW1KHFM=","c4vLJ9U4BAA6wr+y6uy+pgFAOVl7nljaiC7zw5tksAQ=","hk/8At4PIWTNutDoDGPdZt/ePp7mNBz+DDLvYuVOzto="],"block_size":4096,"path":"images/promo-440-280.png"},{"block_hashes":["29ZCSnZsoVOnK+86/Qy/fZl4zDFvFOic+HDwgptPbFc="],"block_size":4096,"path":"js/background/index.js"},{"block_hashes":["GXw+mGR0cHii8zxXoWtGoOZi87Vfx7Ev6Y2OAwzRlPY=","Azln5qL2TTJ3MXdGPDn9tdBz1DGPEIH6kt/HtMeHoJ0=","maYjZ87DOLzIRnXXqMtOw2MAEKUMwIlrOg7lfJcYHtk=","lX6tbpG2F0nqjm7zu/RboEHAO0f5I2r7axY6Yr1HMT8=","YjuJp57VapxLnELCj2aiTbQW+CuIEKwE/pDSr0+QMzY=","z5nE03c2+xcYTSclrOsuAJ6FRkxGkmB5j8IJ1sIj5wg=","ymmSVT0fBxac50NFLV05eVvZtkf3hYMbLnDwXkngnU0=","hiUsLL+bmsuV0uGuiIM6//U2wVM0Pbmm0q8a63L0iYw=","+RI5XWXyjaSPfcsprzAYmVaKp7qhOU6xODhB0s/guWs=","g6GN6RYGhssZGfcUAg71meLQpiNQKdIDKpBTRxN0FXQ=","p14H2kDtmRH2Vzt0kpeC6raX/2Jw9hS4a5IvVanCwLU=","WSbqtfXHgsPb+TwAwL6heKTQZLRoQuYG9+infdPvmZo="],"block_size":4096,"path":"js/page/index.js"},{"block_hashes":["XIylkZ2QrECEzuUwirF5RxuNuunRkKvXl/FqbZ/Cg+Y="],"block_size":4096,"path":"left_ptr.f58b5136.png"},{"block_hashes":["EmW8drxcdTZiG+JswH8bDFQxwZbq5fetHbfaDuLh1q4="],"block_size":4096,"path":"left_ptr@2x.2d33be1e.png"},{"block_hashes":["uAZ9a3lJ21m1PJOakjI5yo3QCPvCIdgVJSLb5hUpKGU="],"block_size":4096,"path":"mac1x-header-center.98a91e82.png"},{"block_hashes":["fZWv8D88la9wg4cnDHx8uuecMNrfXgQBW5ybrm2oejg="],"block_size":4096,"path":"mac1x-header-left-secure.16d65b79.png"},{"block_hashes":["FJPfqsy0AJJ/EzVcuUpuNtuVDa5gfBnPQ8DpQwrPYuw="],"block_size":4096,"path":"mac1x-header-left.8e8ee1c1.png"},{"block_hashes":["zFYHRJWfHMM5QT9wGnu1KGlG1s0J3sAK1fOsyh8ji7c="],"block_size":4096,"path":"mac1x-header-right.3a7e9a99.png"},{"block_hashes":["5CcsO32MFaoy8H6MnwGvqx6hBLdCs1kUvK7Fa5nWbXM="],"block_size":4096,"path":"mac2x-header-center.c4c70460.png"},{"block_hashes":["oOL+T+mmaZm3N2d4uA9c4PJANvuY/fEvgfBWmNg3/w0=","CQCiC1gpc1/8v9YlDn6q1w3xZLKGBKJMbBhbxNoE+0M="],"block_size":4096,"path":"mac2x-header-left-secure.9e7dc1f1.png"},{"block_hashes":["nU9H1z6IwKGcPJfbAMB2WRYQns8pqNt3a6iDx18llEg=","7cKFUZG/kFrgB6zyEsg6lt/tTWQMd6VIhiIVjM7WrYQ="],"block_size":4096,"path":"mac2x-header-left.e9da0a5d.png"},{"block_hashes":["kMyWZUn/zDZ9oJPn7zhYlrQUvmccvGEZbEH/wOREO/A="],"block_size":4096,"path":"mac2x-header-right.9263b9df.png"},{"block_hashes":["yxM1Xi9SNBwBZqwqZqC9Ds9/sUjbNaap07xUchFYbsM=","tG9v73IaxegizZhzvdsKE+UNWyqnL79aIYT8t1YrFkg=","nFRR04uV+ZSoGORFvaj4BskFeovvBrtV55b6rCJ8dFM=","Y8fYomzi3sXtK0dyEekYNqUUaq+neBlwI0Ln1A3C7ho=","mAOBUIxLhK4jKt3nc2MliwrQ8E+doHEaTZivRUfbFVo="],"block_size":4096,"path":"options.031bc3fb.js"},{"block_hashes":["qhv5mpmL1Yh81JWwkFN9T7ZzH6EPF48a9xVNfweRcWk="],"block_size":4096,"path":"options.109e278a.css"},{"block_hashes":["M8OMiEAeDbwHfMYhunQ0falimAWDlNju6jiOuBuFUR0=","wXqELzzRI/SrLldxDHxk80Bz0tbAqzshAnB58C9LZpw=","6NLKkivhemj7aU2OSFwiMnTS8Ae+quuoM0RGESBbPww=","Ws9w6n3pwImaQGxWf3090RRVZTssklmZXFSzNS6wshM="],"block_size":4096,"path":"options.16ed6793.js"},{"block_hashes":["kA9sTK1OHb6Ju1m3fgRVO+67PuqAvJkgtWL8Ofe6MhY=","h6+aqhRfTVe4oeoqvEI01zDo+ZaPtgroabPyprpXRME=","7jXEZZsvBUtjhnRHIIwJ/3bpFWfXRKJ7PQ+wv7NoSJ4=","deaKS2D5pXimP6qr7UeLHc5+TY9NrkLKK7/3nITf4vc="],"block_size":4096,"path":"options.88513521.js"},{"block_hashes":["IUWbcRI6/0bDdFlzn0vV44eeNecrKLGbJmX0jFqLAvg=","IGqUtJbc/LUQ3n8pf5zVc8Mb3vmeaNDBkTVdz1Qdmhw=","oXH42DkPHCJmFMCXWXANW00s1CiPRccc7cZxqr4j0xU="],"block_size":4096,"path":"options.a6ce7a1d.js"},{"block_hashes":["SANXx/4gCLehxWpVLagyXpPcWGMpAYwb1kaDnaikghE="],"block_size":4096,"path":"options.html"},{"block_hashes":["L8eIIa7jyAD5STlY83hMvef0CzI5IFDBZ+0AInBDHKg=","Cki2Qw+qXLQ9clfEi2WItyxMyzF6doY1GM6QlStnd5c=","4eCeylm3HbStR5z7xvIBHk41PJJNl+Bj9bXpm348Pys=","A0z5sc80yjk1v+0IfHLsrwKCcqXov2JkP3Lo5FMjQqE=","44L5CCtNSUxlY51mWAGKY7H+WnZYgFnffPB+nwXmk1w=","R+SuYIp+rVCLiUPjL2kpJSxEjcBZ+xjJWHD4XnmGI7k=","tKlGHc2k+mghrvw/OcOS94PGPHmnOUrmQGlGsnh5INk=","rRyGSxfdHaefGC7IY8TfCtJOOzZwYUmvcPP1WddF1yE=","E3kPH/l3j54QHjnBWEFKBOMZfcGlUtUIPwq6MbGCDS0=","ajPyGVz39EAaRx/MTcsf0KpP4H6g1TYaiREwY4H7LiE=","xVv9S8zFjL+CMwS4ra5V76cFKOR16uB2N7jXst5eaVM=","XLfKiFIRBqmPti0e0Ul6Fd1TYDfUF09uYLyoTNQglCk=","qfJiAZ91yUi7eMfWB3LRI20+orXOpt5USyNkjWu6lAY=","HOHmd53DIejp8zTEHYHVy5Q95ZS2vM/su8+HzcjqGzU=","H/LhdAgJRP7QLCCktnFR9+AoD/XxdfIpmHr+Z/LcIB0=","jKwTzo+RvI8sI3EdE9DUurmRQM5xWLQwbozDay3ZrVk=","2WOSmx/yMlZb3UD68qkLAyoIArhmlgCWoNfzZ7rI2gc=","0j9QthSrSpp8cqWFnJ/IaJY4hlewl5cTYwh+LqTEaFw=","9DvJLvI8rKRKb/h4bflQHiRuBlltO/fwMDv+tRhQnY8=","SiY64PMrp/RbdFqymjagf5YgUIw2kFvLktc/cPY/HMc=","JnN6606Ok9/rZt+6WlY+dUBJRdS9y750flXfF2aWly4=","bTmAJCFq7XHcIMqsGsYTLF4KF/Bep6IyEM48/WIhG30=","BNHMxq2am6cDBq8rW7gmq80fE2N+wL0C9SnNFShXcv8=","yYLPAMa63avK66AvTFD3wLhaipD+Fx5u66BeuACZED0=","Z2hrCiZaLzL/gCSRx9J6VhTK+VVIoh/+gouLfriRKlU=","9y5Wo96uqFtGp0URfN+c9Stq9N0WP+UA77jvaVdiRW8=","NuvBCCbFU81qYCZUVz5WchUStgpBEDnpKO4WN259dN0=","FT8cWDKtIXCrGkeUaCtfqY0snW6OijhdtHvH1EMCyKM=","3Q6QJJNJi1Qp4GRtb1OyH7KlZVNMwv2uE4NegPk6d0Y=","LOjWSQsTtZ/1cHzILClACOvr7crblx9NhtduTWoMEyc=","8dUuxBkHOi9cntiQIGyU09h8G8NSOOAzn3aLqM5eRVs=","+f+ruGTf8d3PY617/xMfyMlEo1Pqs/loNjPRYqL59aU=","YkBiPGIc8IofJFN4KkpMBP0On/aCp/oRKd145Tkh4TY=","55wRtTnjMM94odn2xJH65B/Vf5H313AbvM3ZAS++WbE=","CjcJ4u5OMncpubhK5E9A4N/H9ZZIsXrxwRcHxEUDGFw=","UkzN0YjD3ac7A35E6Ep43ECRRrlXPQyGotJTpO8yEZ0=","PGB2/oVXZg4Nq4AVGGuDaD7SaiipKSftk9Gv9QUyPZc=","uyYp+O7B8h2oN2TJRyrjwlzeOYbItRahqzsTDgBbRH0=","e4tJUFbtd9N/itVEn9I1ZAVRUf9PtC5IjTbclV6GAYY=","bchercKYSJ3x2wCswJZQ6fwXkP/1wM70/CLz2JZbSTc=","PJzho05bLAEwCWG4pY7uwB2A7BH/zP0GCJkUOeBEUeI=","SR9M15lBwQXN0jGJy002fInW5va34RTJJD3qoThFg8k=","jU5p1pOe7ALHV3QES8A55IO7NVeU3YoxUBxLwa9W5p0=","/pTda4lP90xsv+y8ZTqMEtkcbFzGXs2kDOdgM3u6Goo=","vrngiScSAcOSuDbfaIIYwL1Rf+h+do62V9wHU1YXVx8=","aCfWw5USojW0nAtpDH8lM7kHJ8YW1jDA16gwt12PLUI=","p/z+hZb0UiM/9iAEPg5QSWXET9SReJiaeUI6RELYGOU=","1yZxsxha7uvViYQsi/ijCclknc5XkqWQrron2CpqIoM=","19cxFemyrqE8AGZG7WVxn+BMvdoSTHrKGDayChD/i5M=","relt9ZnC/EzXCcG7TCEFyUVYjaIhhsGNWw98AK05D2c=","hR3gmeMUqW1cTN8wLnjxSoJjGJWXJPuFumo2gGbrq/4=","SwiCH66VuOd25Er13U2M9iFipCv2JEYrsHbZqeAcd3o=","GOBIvlbrdBOzcZvM1XPe0hLvEFcKxwMFUSDUzI5YA5w=","Ay+OUlNWaXBRGCU0AmkplCS/lE7OgnAKH18iCteCL9o=","bAEhzYJSRKh6RV87pgM7YVrN+0zQ4sZiQtG49ZsOTfM=","vLJ3Dx1skxS4yfNZdDgAf5+QL56cxCwcU0EiU1mJz3k=","XhbYfWggmeHsya7kdyMMfqsu8GuKyOLiJfbm5VMWxy0=","37wGfpO+glsyQxMHANL8QaAKjmT9FALIbPhOx8VzjUA=","J9vUHwPC104NR9HLOyMBQmakvDMXFxnjlHFTu6s2OJQ="],"block_size":4096,"path":"p/_api.2f062515.js"},{"block_hashes":["nqgWc8C+koHNl7UaEALvmG0IFS9ucCcRDeY9bEysWkU=","31Pf5tqF3+kT/d8ObLOSxdYnLN+n35dCMtfAAPP2T/4=","iU47Abtp0M2DaAG3F+lJ7ZJ6xlkvAXp/NMGPv9kxMPY=","0P3taBIApiG1Rqep3IyrH6CcolaV/BrW0fGEUx/S/w8=","nMVhtc0NAD1+bK+E4h94trMLs6DQ9JM8Xp6TGg4p/H8=","28oQvCYvoYfCblrkBSJFM7DWAp5CEJX4PRE3DeMuIsA=","El6HWfBVZ7LafnOX83IbzhPbqdFFR4NQ25haws2lL+k=","LH+V5lA+2lQCz+nOLVLkiGT1ZBmoI5uqUgTBrjW8g34=","OjwENTbQKmT+iT1W2jqe5xWBFPN2suufnItv6eqomoM=","F/xGckK2XBblrdxEkf32ySYAqLey7N66/EB65seI4FM=","Gg9V+uWlhOvUk1aQCw0I1DIgXzpTLrtDXhcavGkv86c=","54CXcPxkqS/YMg/l9+S4n3iHVuT7TnRE7F6lBrLBFwE=","VzYOhuNaTYB+4Xh2hLoC0LA6n9iWwq3jZHYVHjRcWfs=","LPq5erKuF8W2EWt1KKhta8rvPx/2R7VqI9KucmE3Z18=","ZmIttuz23Zr3JtCyl3kL8TEEZDQaQaxJbf35UGqhURQ=","dXnqCYv5cH0hLpIVZDCspe64mtoPjIQoyl6uQGHaToM=","RDI81e0RQrdcQzQyzdVMKs842kxkDP0fks/xuN8zmag=","rf8J26kDJlAZQC+/v8+ckMfwq60EJ6JKE9nbISrDXT8=","IOOcRvl/7ztCzibPMF1ZRIFON+sUv8L8nk6ODZXWtPA=","ZSfSyxRfC+5nKBKjl+n6/m7MapJcz9bK7tiHHoscGp4=","Q05Dzk7d7lY3CL4xjpLYonXyZa34pc2lNrujCwpyV48=","hWngbZEJGtGvzOyKmPfgFeB35WYuqZ6wwIXhT7YWAGU=","OKm38uSOI08FJGFGqodI+JNUcGEjH/CaDPiT31z4Kz0=","UYDMEW8U8AusHVv5Ki+zo17PYNEZjHjdI6d0jDZ9RgI=","EsOfBRKzkjM4DYEpoA14qCr0rhu0L87JpiytB6ut+XE=","tXvUjd9L392Gjc5H6t815ntwU06sP7yW9jdf9LtF4oE=","OT2wNIFFUWF6PCZS8pTdeTv2Lj+lUyyG2hAeN7Ffg+g=","hPI+6ESRZM3InyVbnLNTDXJsFW9CHAGCEloMQT33TIk=","7Ay9/XTPhovKyST458e2Cp46RKJ2ICItI8IAnMYhWpM=","BxAMVjVqsPIAt9CAfWYhg/Cg8I9REQumb3NIv2jghxQ=","paxtx5eZFkz/HjEd0+vB+kPzvcamDNosSjg/uZJebbw=","pM/C6Qtwc/0knOVLMuLIWm3Ce1aGMup8BuL7mvNp/nA=","XG5FGD2YgCmEVsGstJ2CVbVgw1sxZrw7nMJQG4XxItM=","a+661fpyBiqCHLpPn8bEdbJSbS1hoq4tm0IIS4VF+40=","5NSAAJ2tJzlbfFBVoHzOQbAvodyYYLqk/D8grsAXx8g=","pBvc2ls/Uo2Y/39UFsf/bOCk8RsQCS8ZUL9LpaHyJ70=","ACIMVpIEeay6ZkOg/XfkffTFDQKvFxZCFUyyGcYgY44=","9zZP4GxtOeLontp+91sReim6oCnq7D6eD378Cy9a1qA=","99o0/ytTAoZTHpAl7sIIoX9DHoyXLKCwuSCH3pBEUbk=","Ht4fk7TywESlSVxOer8ovHSS5XDd5UsgjhLLI389KxY=","W5YjIZE1vjqtSGCCvK8bbGoYbVjQkAPMyHbLejmFUCY=","udUSb/Lm7nF3UyAFFkAyYirQiNwyO52xvOYi3Bnt+T0=","IDAaT63cW8tSQ8AYandKOrpbrg/SA2I9pkw1/JdNpgI=","Nufvdi5UK0eiua8zGONc6YrXfhXQ9sEjzeys0CW2bqM=","lEBOEBLgSjk7rPafBZGiCsZuyRKV4EpzMA0cRVKmlYs=","WhfFm5W0tCQhXjWqnfUJilpVEPTZ/AhsLGoSNyOSIOk=","JLrF4y09POj+VU+jSnQr0qYMF2NK2xxOK78FZa/Zu+o=","9kTggezBbU3wGc3WaSH4tEjotlEvQGOAFdYfFapi7vs=","13/DWt8S0Dx+Hvz5PKl/3wF1x8bccs7wrPRfNpmXSic=","7Br/7FrpXiBJntSZO/2IlBM6XGLrbenZ24L9veXc1yg=","7k9XLhZS1QuMEH4/xFRvB4rW6weM8TLnW6JGCUeM0k0=","a12W7Qds5hpzm/BKdammEKkfcqPHoesf4vxhNfLD+iw=","vZ6/oJ/OZ1l1IAF6LpktayQpKryylQYEnqqKKOMCYw0=","Ne2kFaUUz5hi7WTmVcCtyxsYtfOQSRj2grwg8hGMIio=","OqCsTNMQa5WSJFeJkBF+5HEMrzjbHBiuHZYzjhy4GsY=","8RW/V/+6IOOPhRr1iTAL4zkIGM7gaISfJP7PBd+BAdI=","HxNx+2O5LHAzW9KtcriFlTZQmvwdt+dvVuJYa4IBXok=","XvKWeZmhX4oDeyhoT3wR47M/5wMHJgx6J400UGynzAc="],"block_size":4096,"path":"p/_api.31c410ce.js"},{"block_hashes":["HmUPT9wfUwOshoSa4dluK1QeTmWo7dKIHc/oYEZghUc="],"block_size":4096,"path":"p/_api.html"},{"block_hashes":["IIHuW3t8pLZeKjvBhsClUG965nr2Pi1pfsEgjUsXbA8="],"block_size":4096,"path":"p/index.7cc758c9.js"},{"block_hashes":["Pz6iyXMCK9dkAToyreEDET2QMxpz8m4+irQyxXu+5bs="],"block_size":4096,"path":"p/index.cc37b9e5.js"},{"block_hashes":["3aAr+xbmPgYZJoqOzU+nT0rC6He/vKmQ4ZrKN+CTBpo="],"block_size":4096,"path":"p/index.html"},{"block_hashes":["QsZclCgGhfAYUafFz6tFCYXl+QjyHGuRwIPa9Y2ydiQ=","LA4oWuZhnIOZZFlF/80KAFpsHozHwPa07M9Aoz540GY=","44DpDnnhGPqBv2XBBOwV1QtY3CDrqPqEbG5J7kKvHEI=","FFy7EzWnSYmNdo6qAYuh6P9Js70ZS+DUBIkWCvIGdho=","qiyQqlU6+DF9G5lqiLevSOe+FcEHtFGy0dKLO0p+hlQ=","/WQlttka2OTt1Fc83gLrSblJf9tZnjOFCbvsN12D3vQ=","10eXVMoxwlhU6BwltOml1fHZXGw5I8R3oVnGmCqy29o=","TltUd0A1fklPzDfXMg3ZHid6Vnre51/bls/uDUBcvOY=","ipLzcou9psTTFpJdxSC3n5iFXdGd7xF0TnOu20tDLC0=","p07tYNqEL0kzxFiEZ/1aqt6pJQQV2P6XYzSUtQfoyrQ=","kR/vUa0LRBQYD/s2XrjO/K/IaWsWnEc0hAm0xP2564Y=","61t00kaE8h3C/yUxGIadtZyZqUn0TCJhLcaaYFCVhyE=","C2XWIQ0QNQ5wp9Vz139Q5VxVE/yLNn4cTVY21qB/nBY=","44I9wCg/GQbLD7bKofwYKqTvfsyAWvvIngIG+N0xE1g=","nLzluUQv3kdrRGig90FMC3232PmqHzHqgXISTTVM4qY="],"block_size":4096,"path":"Pe-icon-7-stroke.4346a07d.woff"},{"block_hashes":["k9w3BY39VpOCwoTD5bVetxXzTmhqiyU9drxwZBwbj1A=","GZKROxH39kDjukq8juOuFvr1hLX1yfb6NW7GBTwY0nQ=","g6znaqO1c9uDj49BHeUGGr9v2UCusY1/DVMeM16kv6s=","MVJ3xswE++Zm2n4uTPeHF4d6N33oHapxsEtpPPFncA4=","fb4CTVSrtA929QzjoSUcfzl3mjHYLHeUi83biwVTHfI=","hnKZA/01ndcFLN6nIJoyKeFOTUSsj+cEloY21JRtX9Q=","SHo4AWVt/Cn9g5STezc9EHMNcghbuYBbrnyxAYCRA60=","lnqsMis9lzmi0KuXFK/fBaOTPamsU1l1rsQUcuUapaA=","Gu8JY/yla+4wWGFrdNy2PggN8g4hzl1GVS3z63fRDK8=","MUIsbFzSQCoTFVPPxl/aZH3738pKBuQ+SVnE9Px6HOQ=","KKWuaFFTG4EdozQR5nhr2JS7rOmPZAmgpLSZ9DMypPw=","UiO3Td5uhp2hma5BmOvX+MdMT02VILlnwH8D8c8NPKI=","03EHqyFISMv0u153kRmgFahMgmI2l9A1u1cHiKJjCVY=","SrWjm+8sTsrLLSjleMc+v5Tfy7NZeUL/2t4KWT0oMeY=","vvABlcZ4yOmJWTII+iUpuaGkjTH0ANp9xLAM47xKn8c="],"block_size":4096,"path":"Pe-icon-7-stroke.8d58b512.ttf"},{"block_hashes":["r1ZrVKsFBXd510mlZ9ePnYww8jG534Pb9I1Z/P6z1gI=","ODYXvasRxnxOYytLkZdE4oE9v3/CnsCOVOfsUtiWsw0=","lKBMxg0LlS05Rkl6uawhtCng1kuqzKIINkGN4cVecyk=","miQdKpbmAw0Cts6YLIS/RZn+n0rl4CruovHEtJUtKYI=","Bc4zU4s5h6KpQ0+i0tad0gl8KTV/tcwpyOcdCCwmGRo=","h5dcOC+A+Xg6ija8rkPvdT4FFsi865n9jrH1GjCsgQc=","kMoH3oiyr45oGnlMP1BtDSC+l8131LdsVekHEjkmo+o=","Kl5xmrNFW0Z0iDSPU/RDyUC8aXxDU2AjwptNcNGec7w=","UAUNaZCCYR8I8hWM6DnE6wSi4g4DHdohm1WI1O7AGIc=","RNkVSWSM/w7yH1yFsrSBFvmQDYUNOfC7A5HTMQ/EbXE=","zXZ2eS+TnplnP9gzi4xyaqpTII2wZxtzSZ9jjNo4/eA=","1A7p96x5tArbMNXWb0T7U0pua7iTQUgYBRVacbkqXSw=","s5PFUd+c86wJN+dVxWnMzuu7XmIx2Drxv6TCkf3qc0I=","O/sVQw2CmTGGX+1DdzNqG/B+1K48jC9d/G9m6w/Ukhk=","Fjz9dv0eNVlkZQBrGToTm1grSIF9F48yfWgFNwAHEtU="],"block_size":4096,"path":"Pe-icon-7-stroke.a46b5122.eot"},{"block_hashes":["QeHQhUR3UhpVDLL5ODXWTcxblE+or4DzRqOc46S4eoY=","bAdVVYLHnalVOPJJLtuIQcLIuGVilZcThObP0XnE28Q=","DMZ2y6brD11XZU0Nf9ITywM32klRVjNjf9PXCXSTqkg=","VhHghYjObgJA9VA8Pl+EqwO7eiJePB2ng03n36hd4Hs=","hH32hO7m08qUdNrL1fhed/12HFW1jvlQbtJO/jabW6M=","NKs8ABesBCZQ0BeJuVFMT0U0T8GNCSuCw4IvvHpqTNw=","+FdtuFAvgYTtmXMTmvfUbnK0chrjCAiWJ9HDpm50exU=","gaW+n9DepVQLq+0MsC3l047fxTzfKNoVoeyMpvRQh84=","hoSWO3zRWvMplqW7CkPitpgmMCHZTdMSqzLAHaU6YCw=","4Z0sC1Wj7E4w/itNdVOGO3f6RUxQH99g2Aq/PickxuI=","DYJ4R2DH9EvwhfeI6StZpYNh5rUDwC98ZsXbf4Vnkhs=","RxHyX7V5U0+iLt3ByvYGSo+M2Ze8UlPd4HjcnwhwXVo=","98PnjarRg9FaIgYS5O1bqwVsAIQL+eaAqHFnA5R/2yY=","NQVAO9aSFnHjEXCoVefvO1XXWPa2c8ui+5lWMPH5wj0=","2AKphBgWA/tRmg920dyKuDXUKs44Wk9/ap3cuOM88fw=","/IvHrwy1ZvE8y+njc0wdcNo4DFYfDdUSmgQL/xiy2Ko=","t8IboCCOJwDEXG0do9ACYPB01JxJqW05697ItZB8EGs=","RRM5MimjXXv6f0bMcEoW5pTLrJX/WBXzfK/f+oBCq7E=","0KwIHWfYnpOu361ArDZvWII0g5zaoCWzVh3N2tI3K50=","N1g6iwmLFdCkX0Q/pEktBOBZfOQ4spyq6alHrau6888=","BFUJtLe+/8nKbRV8m+LS17ePzhCIc1fujK6WU18oLwM=","WnItm0gUNySik/qRJ5HA0coJjIef5j1vhtUycrBAbPI=","asN8uyubQ78BZ5f0pZRLrMhEozIO4PVCERck0jM00YE=","TvjOseeUr+tgQUOpbMmq3wqBAked2xVD6REuEj7bt6E=","3zIibNsnp4zYxQMTqTnL/sX/Xg09SVadF4w3kh4I8Ao=","xAzsXmvGIcEwvTpFT1zXDwsCIkeUSmZoma1IIYZo3QE=","5fsz0+L8V4gzexfGtvUxuEhgKeVBmmq9Bi8LMFtdEjA=","AnmGj/PqKqwOnnmUos9QK5D0VuKg6xDp8ivq03vInmI=","itrQibe0fu4uSuwfUMDN/U9yioXaT/+HHSSWSDrIVnI=","kqdYXGUe9mlLJCEYHsviHNJ1uw+I2SXldX+J/7XqbcE=","26lUzcaDsKSBqH67mfnS0IlW69cjl+NnVUEyha1pfIU=","EY/SOIjAfon5x1nDEcO91wd0Zil1KGUe5GEFB9lS4Uc=","+iq0RfbZsBhXlrjNcE/ulzGJu63Ck8PUdCavitXqiUU=","rEtgy2FHb8enLtaQn3vPYAV5W+WozcIjMTDVpPZqt7k=","6vFHaFMyN8TqqIlEq790GUuK0VFSS77BgfjD/0IRjjw=","Jj+pYGOAvHX0tAl8aAb8kxzq73X5J6l9VwIKWrpbYsU=","SERognzsNVvwMrMcm+cMXS7LQh4H/YUolcrNdyFDXHQ=","VnzNUZl8txaPMse4aiKoQHfiGnBNSg03WN2MRtGHB8Y="],"block_size":4096,"path":"Pe-icon-7-stroke.a7213fa2.svg"},{"block_hashes":["F5rXot72qQO5ELnOoTaqBTHbpFr6djf0kRWj71RVDvg=","gtVGLtwOh9e5LluFmuiEeZ5mMHtCh9g1s05ZHKIGCgU=","J4+jE2MQCXHPZ27561oHPyLu8sm2mb9nYpc8QsBtzDU=","Rg7WrPTeWx39YuAEo2w+ez3MgCjVz1TKQ+Gii3wjJ+E=","rZ1cxHF+DAUBONWHO6m3f1UUrwu1cA3Yx0UsH/E2bFI=","BMaUZ5LonwfIQPg0C0i35SaENnhcFWutaXH9XrAT1rE=","/QDua76dlJ+92Ts4GgTx22M5ftWpTT+6kQjeubrX4mI=","2pO4cfz3hQ+ur7cuuQIdxSm1PYXTfptqxJpY9ld23ew=","lidF0G0MqABp5FQO8ZRH4gGdiBedSgCgbM7ZZ5LxQ9Q=","UfpO0mmeogn8oJmKEy90GsEn7EyzU8UA4RGhoUQMy80=","ur9bFuBB0pw2A+YI5r+A5wRQ42dA3Vkus4nPNrG9q7A=","HulbLykSvuPMkAj2bb7d1XDuJFzSGna5jdtO/BsDVx4=","kB7smqeMzW5AfX87ZVH+bfI1oadAwo9OOl6tCTUyfRE=","dRrGNVedRDScw8X2rKvApuSsJ/kRBZ5X4TBG/Xfety4=","EsuweEXyHujAhpYs/SddG04xGJGyAGSOiisKPz5YJ+M=","Z1IIqfwKwDHHlnoqn9CRmPDar3sgG5wlvp64tVLVmbQ=","PDk6PsMwBAdX7+ouQHjclm+4rXLOwfMpkw1W3gLAVy8=","GqEKZntrQBoeNPnVY20clVOanMihVuc372KZAynd7cI=","gBd6yhBYC7shCW5Z/Y4TJ2Wq7gbosW3xesa+U9gzQeY=","1E4JrKtleyCKjLh1BgnUbagvU1FcDwiiZj9qQGTtza0=","QtQMd8bEgT0Jqqr4GkihfrHAsyviqIFjYiWQKFa7iAQ=","VDH/sPKdP0/KPVkFuSfcA4gycX12lSLiFwTf9mQ1ILM=","nPFmFCo1rdLoY46EB3CavGqyCFakIUgBME6anc3dGpo=","Xvrx9OZ4iOBwQhwGh+i3JoWoYBhWUcIyVSsVN7bxS0I=","xDARPhdhv88xHNubXwtwOpztqefp2cNV8CfzXmLrFxY=","H9eeYko2z2q0Rs1aXtQG1Bc5M75WMBcXiIECZwXHycs=","K5fyQDbsHKmeLO03PfOkaISNELbCR5fLazc4oQhpdCk=","UDfC94E+3AUbZOsCHSMPfknGKVGipBO3iSv52DtZmSw=","cLHhg6YszYzybpbJvbSLdNwypH9xjzeD2ElHdE+2m+4=","zbsc/23XCq81x84gBgyyz8cSvKtA7EjYUbaNfpLj6bs=","9ZhZIQWXTFqEA0iMc81YEQZ8uKYWyaJ0qnvcyJWVSRg=","2eLXoiXMSH8inK2FPq5PJm9WUtTRdK8LHcqJRjg0880=","RsVowgxVIeHGFhpKTz8Yv3+KtiwLgQK4Mb4FdO1hQf4=","iAzUXI03dwGGcioS0vegxdP6/ReS3wt+9XAxfWv88QI=","Oq+DYi6dZUe3W6tciD6vsmTUsQBjaMwWYdfvqH0Bark=","U0zZqjJ0Qai5QO6HFzOgSa15/sjqWJAHUMbpRmi1Hl8=","DbiGYZ8BEXsYP7h4+bI2DoxVwAT+TymxrovCVUJ7ydE=","u5DI+Df7xMFsNst3vLpx8OjJbEtWsSSALuivJ/R8fY8=","rAd1IEt1VSYuQB7+sJhy18SC3vmQFsa46Thh/MsP9b0=","+hovTtKMDq18KkQV5nnaOXK/6+oTIAjqM04R1o78Bvw=","mKYPPm9O/yN+NIV5Slt3UoP7RlMRi6AZbh7sbz7KroU=","gKO9WxYgxouz6LMqr2C+mXvRn2R0S7wrRlCmEFeyug4=","IgIxGeSLqK5v8vAEb5+uH0ZQFyW7v46YrBiJtBxDA1Q=","O6G9JITQLJTVc+kWW0SKhMJOoQGxuNh+r//JIzWGegg=","2/Vt4Ws9v26Vr3pf/V11RPFKoZ+naGNG5M1GgU4DHZg=","h95g3HzF/sHQIAXqtI/ONtETJAUJD1emawMz1dAJjFo=","ZwjChRdREOryr3ErtixPp2ekVt71tniSbCSLY81QA4Q=","9oNR8v96rIsEeB1z8TsPcpGHVSzylv6qJZyhVvaVJII=","NLp8kXk7sbaF9nTgodKEnyfGXakHnzJb2C2cOA9r2C0=","X0dkarA/2RA0mooItoETvj55KjXr5XEqfIQrWSY+tVY=","tKIbES0LJqqYTdtT8oCRlwXFs25SrZufljcLRPxJxxk=","E8ibgQPgFjT217qndWnoTJvlQ3ufH4S5ed7ZdjwR+Kw=","ibcBWgRRghcMF2xb02rSMD9sb4Cil9e6ZjKXhQq4eBQ=","YD1reDKcxhIQYHp0zhyuP4wdv1jiAjj9saUti9AXzA8=","AG3D+6q4P387ESm3ASk6c3RL9Zof1PmDNRgxy8ZNKPc=","f5b7u4H/d0PBOw2TeZCwPF9FZb+L/V7l/YXYD0i6IcU=","86WoUhq2zPcwDxBiUs1v9YQC7av5CuYLCFcPu/XfzBI=","O516vb9iejvljAai4g2B5izQ7onQO+sOyOwOoJAlYFw=","edvlCAQjX0+7XTJUcuyuRfS6UUJo3BR8KqM7nHgAERc=","5Z9XoL2fYTnAjiBSXzKU8Mn3WJPY1u1T0+hexTmJI0I=","9cAdpfKfdnWvOtP+ENa6wI/ZsFVNZJC5Eh0LxbImmOQ=","onLGAQb+vrB+OfXuVDjCUxwIQzvjJbD3Cw9VxpqgBQ0=","V7/kTfR3Q5GVGZqTgHNMiw4Ntugh/oPeY4Ju67xr0CI=","wGf8hhHfoZtiHZEst7pSYJ43FhDyv6OQ8ADHoC8GEVw=","jK7QHHa2YEnLrkfPAO33o9U1EXkHovX9aOeK8RaOGBc=","49xWWbmghTGNfyBhtmXhERzpNTDEjlLDIDy5HWR/P8A=","muVkkzYS8yanO8jL4pyHtONaqTc0ENInu9t4+v71Y2s=","Zt5xxCfucMLg/1+18VhGAg/T1IZTC5Utk48hue08VnU=","gvfp+JUpbb5USdSevoZgYLKKMFXN4KOals+vfF0YP04="],"block_size":4096,"path":"popup.06abe789.js"},{"block_hashes":["cEiWgIrjSVU7EPP8gOtian3aJk5vYGEaOQJoOFLNVoM="],"block_size":4096,"path":"popup.1b6f7fd9.css"},{"block_hashes":["s4qzLbBl/0Siq4ZrH58dEYPuvOTkSaJ4skppLi0ZMlM=","j2xPLgmwhr6ZmvSgrUzoKE64ld9G/TLES9J2jPRdtVk=","hDEc79C/Ulu+eK6RBqnDpisLUHZuQ4mob2cDfQ0u0VU=","6MELpET/9wc7g5D8yNBiscEP9Bp4OZOWkFR2Fb0AEvo=","c/CUr5EKxIB7lOnd+XRwN03N+K/d2340mfm8KL0aiGM=","CokyWm6ak9aFeSXeG1N6GeVIuKID5ibE0B+CxMfnr9g=","v5dlNMNI0A71WJH4flB3xfUM4c0xxEWyedUJoiMyULY=","CxXgMUeS9j5rYA8h41wxdBsrnJo2d4mP+u6LE7HZXI4=","UwO1SFXRjIYbY8UUF1tbVaooO7wYSi7mEQ1WPh6Qhdo=","UiTZwap8QYzg9ezrby70+5F0CWstiJUTwYPAMIYwZVI=","/Fr/XiQ/NgYZxkRpZsGaml4Ih+EFO8g9peLg16g/BcM=","1iE+o/ffkFB5vIF0gjAe7og+VOnNq08ydDpZ/KZ++xk=","CGOq4pjl2slUaeXOu2X2+vjYbsz8sthWK1GdU49ceTI=","LHmAryjMqfRc5TvFO0ExCnWaNX3ez1F0hhbTOHcStxk=","q6CD8KVEHAzMLzSqfgMd8EO2B2IZWv2pzWDNeDiN4Bo=","m3POGImNDhzvMIDo/EGDHl3WKyN3pSfoG/c/nG2im5w=","QATtb/LKHmOwAE42+is48W3upHceCS78F5gmAYAKYro=","48Mnl9PPGhiDHn8pwuFlZlJl4cg6W66df14dsVQ/oTU=","NjMKOGXajvoM9V8oAo7YydQSDBdbqdWZ9LAMkHGpOT8=","Ce0VQHc5ufv/kRhXQmZWQfN0u96RIvCm8vIwkwUxUAs=","kIlpzIV6HnUAb12+5psbLMERG/zJNlw6h06w0o33UlA=","TgffUpMAYshkZ4BgtH/rWiiI7+ANggUebcAL2uVjj70=","tcMswKOQm4Y95iNnVh7nQiu9h7bN0lpU7dwdfxJgEA4=","APXU57z3MLGmK+8J9LAMSu9J+s/0jaN5OEljLGAb4zQ=","oZSKnoXE5O1wfgjiRMWZU5deWv1HcdNEFDqyQ7YpA9E=","5uzAPExFa9lFab6yzrGKxW312i9lNru47zM3bBNQ3RQ=","hh6wxmaWu6yEZetkmbRP64G3EXiaR0okjhWWTqzxyos=","5CjSnKrEijtyLOHUfhIKQrrrBsmkRDNU2/VW+gFbwiQ=","1e1mtTxYJAavyDdIRFA1cRTBlxmJ3PS+7inLdt/OXGo=","4oI1YedzjiVSCwY+fngTLmdos9NaXm2ISNdnH1ReSFc=","vsa4DXBXoliJJCP/phVZFYzNEBWBFc67I5X11/y277Q=","ALbOrzUTKabR0uTfEgdt9aOLpxAJf1EQLdZLPPbwXVo=","KQJQWC94AiiD5DzeSYs5PmkczJSCPOwIgJxdyQ/5HUs=","3hFfbq3Rf4bXgBdGWKysTgcO0//hT72xt9wJpekG/Ao=","vmxo1gEd2kaiaT9/1MaI8O+E1hJf0h3lTQ4YGCP6eVg=","NsLFcY0pnhV/NLo+NmpuoqD3Fy+xrciq1SW8CjCUx5I=","zeO1IgXCWVtManaRC/FC01qFE6xU95K3Fv/9qQuaBUg=","XU4afuEnyJ6MP8CwiCKjaP6iCV+P2w8VIjFaI6QGM64=","aAzG1obAaPkFwW6boW2Do/O4n42Mwhz4aXRCmBzl2Lk=","SrBNQXO+9gaiIjOhe3U6npicMX68So3V/ij50kDmmuo=","CiTOoy6ieeEBJ8l/tp5aYu54GEb7xZqQnPNTE9wA8NI=","nnA4ZjHW2qTwIMgTjcJIhxFWkz5cpQg2TFuAEcMPB2E=","WaVkcI1nD5lVP0YxuYTJd0/dDLaN5Nqh3Tgh66WmE3s=","ViKik8SXPqQjkMVkboFFuOo6nb6XUCMDs0mvvpZI+Hs=","Pcvxa8WXIhFr7TJrMGxICSb5pmF2gXmr2zX+9YJyIc0=","F1D8VGKXnS76/kW3AhOsPONinMR3LgAcQ+uNs3Nw5dc=","M0qIt7VP92iOsSwU4oc5wnlGj8ZamrEDIhICeGff07c=","THbF1pSa78Cju5Vf1C4OH4veovAJRYzaldgtK4sNv6Q=","be5WuUqoNTdHBzl3/l+W7o1cRUsZhRLN6wkVFgaBlKM=","UsVwZdBsqMrlsjorkCMotEBeoWiexLh2zk9lUwpq4JE=","WEVKxjDudw9FYBx6ymjntIBH5GbVGo5RGLUS9uQDztI=","rNKXPATPkrlUiaEBoGu/VW5PhZ+5GSM0ZyGEbUQOzfU=","iSBnItZTiqRHFZJjncuwdxsL4vUvnMddNZ+2UZ/Dnn4=","niWQW/p29vRRUgvxsd0Z4jIdUSCkE3mr2CKZzhQVEG0=","IfqPTYJWZ/SCr0pvvoaf6AiUlBsSqth6MPxtHNb9ExY=","wmZPdkNmIdbWIwDaSwQbg0CHJrUh9OJJLZ34kxYR+a0=","5eyBWPPd+h6Kort+pt7bssIbod4FtaPLksVEVNI8/R0=","zg9hO4POwI/2jQoyg/dHtJBNjELnVey5MRKWxkLU3FU=","iLwukO/YPpdHyU9CSjqcJAu/1laGlxVbO3cGySChp1c=","5Njn8SEeqjwLfH3B6LKP97p6urY6yscwVdIHRAT9sno=","VRRwH09A5rd8v2G+e74s/yjPEp9ocVrdf5nQdq1WdAE=","/FIRGfoAjClYvWpiA2c/7T+KjM1UGTllgHabrNzRvy8=","ZBwj9lPkikKXpOn/5RGu3NSvNROeDBHa6jSOWtC5sMY=","N8AVOxEGmYJolEkkE0SWTxetpMghIDN4ntUq+WxQDHk=","w7EphUyxpiZZzT75qD8xAUnBTuDDfvxwR49qgziyzyE=","FVNUXVHIG1ZqmiCGjWvLcKknWPZCeG1wG2PPrZEvxic=","XUoKDNOOsjVxA2jgJEge4ItRzE+ASSVH8d/85Yyspf0=","FZfLPnMKAH6sLrOh3BRg/zfXEQK0MS/gduvEnQSoRNE=","5AuEM5lG5JwGfzKXSF0cg8Dmqmj47QoVwOnZnXZeF4U=","FBoPJBvlrp4/tV+LU6vnmzy3650jNNkPYhJhgEltNFA="],"block_size":4096,"path":"popup.27c5ede2.js"},{"block_hashes":["XUoBg1/u9xMy+R2j+L7HVawAekGOFaS6arC9iK3wd0s=","J5M+M3Z4/LXNJfAulGraAJINaI/pQk7uJG7JpPRLVzM=","7M69tzy+DrDp+vyMLwk9woWtksr9MGCwZGrpfih78BU=","xrAtpPrEY8UDg5bnIAHuKL2AZj7cBpnTJ4Jr2WgVzkI="],"block_size":4096,"path":"popup.4cbac494.js"},{"block_hashes":["AKwjo/yvDyOMr7p8e5zVghPlexfiLHwBffHhFiDWAKM=","OMKDs9jjccaPNBeuRuuGSwXDoERR2MaelovdHbgfyPA=","fnCU2OzW6l0AWoAYFyASmhpTR5O6qOdBWwEcelTK7z8=","8bMC+mgTfSdNKOlFM1bJM4jDrGgq8m3knKXr60oWvlU="],"block_size":4096,"path":"popup.742dea03.js"},{"block_hashes":["6jrrGw+5jA+vLPFfrS7tG0qA9YofobKoYocQ+VkVlIQ=","XiPar70XhepRyKOB5VvrJT3MgeU1Gfy6cxoAWhBzr5g=","x85axqeOZ91fn/eZz0ddT8xn+Fs3BeNhTiFdLlJPVaU=","7pPWYE2mNTUc7mIjntSGGwoELLx8jC35apMR1MN2eaI=","eTPfN13AwIkYQmF2O7hAWbm7vHm0UoEGPgaKGyDJpXc="],"block_size":4096,"path":"popup.a5a42a61.js"},{"block_hashes":["dqbff+WfRSrYRif8lHxTzdvGRD07qHGfoc9VVElP/C4=","1MGqVsFsskbxdXYk0hZQu+a9F/Zkw1JyIJtgTynC9bE=","GUzGlvqMXDPWYrapnA4iv6pg9z/soHk9xhYGD8y3xN0=","pS2JKbEA7Q1QF3B/vkzbiG16zKgLU1+269w6JNMg5yE="],"block_size":4096,"path":"popup.b5a11d49.js"},{"block_hashes":["AmUtvckV6/5KB+FxpjibVgPuGmM2PHUmWY4Znn/Tos0=","/adoHu6MxV8ED1dhfvd3B891ZI9bf0zWaxv7NZvwop8="],"block_size":4096,"path":"popup.html"},{"block_hashes":["tPVM17D/Q9V4YUijMB0fb8ZFHPsmBfUGoO6+gj18MFY=","Axjv0UG5oP0Ln9AsszoUPKOq4VKRXIOncoRkFBz2PWM=","PbZP+FQyjODoUsd+NBnzMmzZX+yBtl53yyzd1SQBydc="],"block_size":4096,"path":"prem-emojis.e3242d04.png"},{"block_hashes":["jnFtC1ahhT2jnBnBbJSWXsbEP39+9VVA7sOvAuY+WM4=","BaCeG2MXKr4pQjsKNKgWHNWhLBZNUy1bUdze3G46zY8=","liNSZVfVJY/K0VjpD2apmgwkIRveFBzd7VHbk+DoLzw=","h2qPv2udugoXedndeQcd/x8+YZ+cfSChE8euNT47tUQ=","R3lcOR45V5h1HhB+oi/yyPxo5hlkPezkFoxSTyBrEMU=","aaCqSQVK85tZhj6TIKZw83fMPKU/onKs/awUG0oGyyc=","bGN0W8Iz0pM0D0uW4mMWedVmcLzSMfLDgAtk2+VmVsg=","Oc59VuwETU4bzv410TyBLDk2IVLhi26qBAU0VdPXpio=","yJW+dYqY2sKXRBmOVXklTIfu72DHudTj8rRSauGuH7A="],"block_size":4096,"path":"prem-emojis@2x.0a1348d8.png"},{"block_hashes":["PvHpwP2xSM2i6We8rABHuNhCdBISm80fVxN61zPfC+U="],"block_size":4096,"path":"wave-emoji-20-27.8619a450.png"},{"block_hashes":["MBW0svEYokF5LSn4xYZcSOumpll38xNLj6XeGdAom+w="],"block_size":4096,"path":"wave-emoji-20-27@2x.41ccecf4.png"},{"block_hashes":["vGeOYpttQaPRM93tBM9RP4Jx/O1QzGv6J3oJnYQldhE=","7Q7PTSbcSUo4WXHLqnh7QdRKyemmc+mtLebAbs9OYSA=","7MRCwEF5O1iQeGUciGJfpJQ3kblqANqOMRo9TYl6zl0=","DAyTew6lgrBGEZoJjuQV1ZOIbOizmoiGceP0+eH3zIw=","k3baO+r1AZ8oHXnR/enKulA30xiZn85tfswM6uuZw1o=","l5HB8KtoOB7FJ+kVAj1gzkPseeHtIxUzZLrvEC72Qmo=","pA7NSihY8cQyc3Hstk0HUfVZL0ngs5TzKd+Xw8i2jX8=","ubLZ+bpGAdJv6JimOD92Z1B/zSxTp13V23i4H5YJJW8=","YvbeZvxfIQ+VQzIaTBgtP9u6bo7jjwgnOeQT9ehldhw=","1yUgiyp1/Rrsf+2/cKODm+Qso+5ZkVwfBzzV+lqxlOo=","K7IPeq1TCHlA/bVNLrriOL3wqJEifnyELFODdJIY+T0=","Dlfsswi1pm8DYGXI2T8TdODy0EWiJV0lLgTtKMrTBxM=","3lLjXKd6iKnImO6qdceDYmaqJgrnMwgzT5XeVuzBWdc=","Sj8rKUMnYs3uGyq+/vmd935S7gXeJekBHHRmn+fb1K0=","DkndJqFqRhf9PDLGsCp3uN20IZBeaeYP6KK78gmQspM=","M1a4IrbMDzvZulr6wHE5IxgG3z8t9xYh2zBidA3diLY=","Jgk+IRCtJuRk6wcUfANHRH35fFGeXzKQbq0L7zYqpFg=","NfmmZk2KPFiY+g6u3ImFC3Y1Edcf3D2bMxQ7lblBAWw=","Ev3S43k/jDmqPEkaaE7gTNKEKzkM+kZBkGivTsv5RWQ="],"block_size":4096,"path":"welcome.05808df2.js"},{"block_hashes":["GVYgZFgewPBPKYUzCOzNGdwK13k6uqEymXyZ/hXeVvg="],"block_size":4096,"path":"welcome.1cd8e828.js"},{"block_hashes":["x0bg6xmnpA3BAB9casLuMqnj5WJ1B3QOogx5WQ/BF8A="],"block_size":4096,"path":"welcome.82622840.js"},{"block_hashes":["Pl4WJeGT+CPNTpuawNH8hgIMQ6B11S1w/VPaY/kjqAY=","bStyOkDg9z9UKZpoffZs/Kqo0IIArE8ZdtEbFJ+wEyo=","TpIt3W6BNnNSP1n6hatE1B61RxbfHj0t0O/CTFx0T4w=","a+HAJwjkIzQv7AP4KT2fyDTf1y9capQ306sO+rIrrvo=","lhQowkzH7JvqJjK61k8mqIljLc6qhGeKy+m01Pn2U6I=","w/AXygoAvyDuu0NnYP+WRfZRJDIexPdJ5r9WhXx0rGE=","+Na+u4RA2NXXkD/waR/JLUvt376t4hTLQN1ANhgfFcY=","LBS7YwaWrdihdaAdzIaqhUvfm6Zg5/X7LeTy01d9U1I=","sZ3JsUbnicpL00Xx7g8+DmKd44fLWfUs/ndHL833Hos=","0ut5TXtpTIwQbQAZKkXZXhqA9lGI+8ueRTW8qTzJmbU=","zWJOzAWkLMJAPLvngfjkkfsK2aRss3vZPFOnJycUgjw=","znoi4qy8Fph5JYuqTd/E3foO+jO6NY55DqmsK0riupM=","X485r/iJC/tWet76R1CNrUhJukYGlHPQEb0O7ipRDys=","Lsl1N3Xh0i0Lc+uOydYliXRryo1rMcMqHLR4dcxp1CY=","xgEY9vrUQcvyVv7K+CCvIhO+anYJG9MfSbxLtWluwvg=","baDwqkFxl/z1+Trglp8hnUvlbyxwTE+4WINHUIzT/CQ=","ve1j/OtIhGxVEFhim2jol7iyu2fKwSjDqWP+4a6nXY8=","ZmQewftXNf3Uq6Q/AhGGVTRx9F+0pinwCp+NSIludLE=","OqD0sl0gBsnS8NG2rK7znBE5CiOeEf/z90iuSwj1xVY="],"block_size":4096,"path":"welcome.9062b528.js"},{"block_hashes":["cTYCO/gk/ylUeJEwAwfyK4gUU+bLdyq/BXA9ut3aT4o=","qgmlEM0Dsy7MCpOTyvuNHLps+lCyVRl7B3nLygaj1J4=","MzqHoH4h7ju4b4X6k8Lvg3B9OjFneTaEAQ3datQsdhk=","gMaQePti8qc8BIU+dPgVX5fOLgMcvlwTURjlGgmsyfA=","fKCj6gy0U7b+q7/RAAhFvIynAIaLr28QYgmGrQK7nhE=","LKQhjuDiz7a02q/yLBc56nAtpmHd+aFf77AWhBR/2kk=","337n0H5MUeWlBLzAegdUcJU94Vly7syL1aBIUGbZ/ns=","IR+4B/Q+rozxHE0uujI0BlgWGaXxMMHcm6rks/VWoC8=","tlHPOuxtbi/2M3LcM3lsF8eI6zYQW5DddGzaDGthHF0=","bhx+tIRA8Lpm03v3IsUPA0bei9Y1jvd/lwzArgA+Lvk=","6b7ARF68uPJBr/eOw98ziYBx+L2Dsrzr6sXIhHncrWw=","/o/UsylQb63IAbM06ydeLFocxIjT9Qf9bZgDOaywNRE=","Osf16QqVFvl+vuHb31Rtp55cX7vgR/MRo+R33zyie8k=","ButXYGHsiJbZL0DEKrlEcg9SAg5fG9eyBZ4HXtTCcd4=","zuaGEtKOEtDZyIChrHge0m41vc3QyIeBCwVlb7GWLdE=","fMql5ifz3ab4UhQiarF+RtLY5JSsrtTI3mD8MUgSonQ=","MI7iFoQ1WA8jQV2Ez9Bm8Jn0w8B3V8k5YyvfvSrA45M=","7QiVLI8D/97FMochUvKv7tpoKUTIEIcfgjOMWE56ZMY=","2C1HZN9G3dKPyrCeDSLYMpI6DcI/5fWl6PVc6MH9sUk=","E+abQvZ6BYIEaeLX8bBSOxrvw2xVh5NZGOTTLgzpAAs=","wcjSJlo8BxrJxtoNy4/IQVEDNmL2IGff3m5bo9tAa5E=","SgMDVj7UNdSGoQACGVuP1kmtBukIgnh7BKuMkrfa0LE=","apW5En1fzmBgHOYzNIRVRewd43Gn4XL8OurLNqrgyk4=","IDk1/pNKIecTxj6KgwBPHlY9xxaZNCpnaapyRmdCYjQ=","yznATZjiHKHo7DoEsVIMbFrhTv+ykcVB69lAHtc2Yuw=","QbUOSsgkGDXltG0UQABg1YrYcBjSohMwtpVVGfyudys=","DbpF+Ha9xZ9/T1uf9yWvinBQbS20B/h4m12NPT7Cwfg=","Plt8GMY26+zpp0RLB4lcwFkSwIK+bFaNzwr0A6ttM/4=","pSs13m0IWLrE4adUO0WsGGTIG+cQ3ZdYB7yETl1XXxw=","DZ/wdGvDezxY4WEOHXHY5dBbWLljwGXz7Bk+LO4Zvos=","NXLt7dFNokZ+EkfC9Bxy22d4UtSxkOL5kDMktRANbbo=","k7aZ8G/AyHnTQ/1cn04wBgQotvkETXilBTP+Ejkiy78=","E8zPVlvvnV4oDnqkdmP2sP0vRrxBp0yDyvekDU6FCFc=","0x2fgu6XsJTX7iymVSBzk0OQJW7ed0MmICVdru1hBbk="],"block_size":4096,"path":"welcome.9c1c9a92.js"},{"block_hashes":["3KsNbIfaQ7fhB7B6P9ByVYCJ9d5TYf1SGR5jFnqUX2I=","0Sp7foMWMxDYNfRQBB/54JayyNWS3xeeg80vaAAQie8=","8+6r+HLgTT+Ith/lgsk/iiQk6Zg1IwgW5ihbAVDFqSc=","NvLWkguwmjB+0NqD1PWsfo8X7Z3WVZLmMR+FF580X/c=","BSITmQJqaniWADfq4REX1FQNPi1g/Kdb3XNMyKOxp24=","cbCKX2xiFaLgQONxQLehUKEyXWtBUTdm2J2ogQHSrrk=","C40BbDH75/B0zM2/0a9RIlqst5EIkTCJN0aI24I17Mk=","kCniqCEVgIrzS5XyLMEjoZiAtf98UqfcFnnSz9OjBMQ=","/Ja2DObnv1ek5/MKpN4LsZQzXm79C1RFvDMarX3l5ek=","CPRM+69z98RsUCj0Ujknbj6VtZxziyr3oXJ3U2/1SIc=","mMYZukL+9G6a5nCrfb/7XFdh7R6Z6Y4dxDYO+0pLMNM=","w8RL/nA/4lUQh5a2bHcySz8MSAyEOLpJkx4PzL+8/Bg=","I5gmlvn1So2D7Sk3+qMZDxhMJ+TbSHQ1HirT/wCamms=","y/ULQDb8o/F4TBAQOjw+hakJ8oglI9SKo6XcTEOKNk8=","kICwzayXDG1lqWbjG6YiVuMKKAsGst38ECdcjoHEhHw=","KdXW9/BgSA9cUp+vP2CA4iMXn+0KtJ/cAdrfUkmktyg=","0t9ADMJ8jUWL3DORpkFL/ba8NdoYlvHvRt3mMLCmesw=","epxzUFY3wgx09yTVm+bxBcxNPxMlm/zzg86JrshgByM=","eP3NP81YmK2t5xnaAjZMHuzahJMSCaApp2Q1gxDxbYo=","0XQcPEEPCLTdwD5RZrZHrGm+7c0llkITUEF+mZ2YlFU=","ITPUWODnvU/qtRG+xM1gnrPzmWrJy/sRrM5e2l3lgX4=","ynHZj1aR3u2fpmr5bXExCv3zuTFzMs55qV6jX4tx/Rk=","itLI7AUdy/4k0JiXmAI25Ei0arYTEUJvj2dwoKgEX+s="],"block_size":4096,"path":"welcome.9d65ff55.js"},{"block_hashes":["nBiH9RHrPHSRfSXPttht0qeKVrudSPWFw/V/d3v2uco=","q7eQCcRpyi/L96x/wI5iajpSd/z2Z5P0XLP0f6N8qKw=","d9OQWi6XQlSoCZz3nKjBGyGCdPjf/AINwaPI00jMnpM=","AxMZXEUKk2MnPjIE97ID3QoylwTXhxYD9ALC1lU6FL8=","EgMm8abq0i18bqIE6lleSbi5T7hisC6JkrO+of2UIbo=","+bXSpSJPxA0JnOsXONmcMXHi6pP3khOjEIIUxSo7bOA=","tS/O4dJDQRY218zV8fnf73j3hQMI1Q0ICv4JuytFmL8=","1YqEsITMDt/fvql6lb263fq1i/5tIuw+gdqE6/+Q4yo=","YEPjAVYOpoq1RRmQ3ghcmQnQvG4curtPLDPImUybm1U=","4xXWoLZMd3Of/bady4fd86LwG08QvCMFC56fbQqBDJ0=","y/dhiT1T6+y8Tx9yyYAJm8b3U9RchZ7Be2eRX5ALolI=","C4QCcC1tNzig/LaEsaWMaeiFrz34yotX3RENupvyNjk=","VdQJwvchqcVzk7P7bF7hkagLN2I2FuMJYYLtwCqLmDM=","NVozv7oJ98oLcBvFX/ag168WRZwzNlhkrnEUgbsVsF4=","fFwJiU00rrhVhORseEhytSuel4uaZDzmSq1zNwsf9wU=","ceZPv6IJ3mCNJTBhugY19sAUtdwMvEzxaSwv4WXGV1Q=","iSlqVCvDsHM+bFEaDsRZoNJ/pLv9i31Ff5M2mpSc+QA=","lYGFbKMBTpYg5PqDPelnUGtq0VECRGiUygNoDfvRVJs=","icNVNYPJYE0gfsSliz9xmanM+m93SFGrutz2I+97ysI=","cXj7W4OAN2upLVuluMSkEdkLj1LdTZ1n4l+7bp8d8mo=","QFqVg+srCoGb39b0hrCvObazU/an3qbt6BdKTIzBcg4=","IIje/w8CrZAl+3Tjxu2qkLSyvAIoo6K1cel/aUi/4E4=","jJ3Ar4nMUljVlhZlbEGdLMRx38OEv0SiR8QtAFdt34M="],"block_size":4096,"path":"welcome.c2844517.js"},{"block_hashes":["1yM32rTM0/ToXrNjEA2evGoQKgdeyFFy2WXhK/Ll6n0=","qF9MQQnJLxKCG8mYYVCTaH0Vf19k+Msq+PtQEAZZg4I=","bVFJiqvPCOQpxjD/YAjCKCbaxrIDtw0tsoMxFL17WSw=","Z2uJ6f9VnpxzFWcpIU18XB3YV22QlJXh4kr8gmm4s7w=","HomVryFcehGrhGVNfn5pIUY8jR4U2ZUgETnbgXua8ys=","YE/rLkVSD1Tws0t0ipSgy6e39tUxctmZQ9Dyan81toI=","8xKLmA/7T8X0X/cKG4hF5fnBrxhXPGfoRO6+6h2eLDE=","lKnF59alKF2dEqSh9sWehP0otgeloCu5soTaKgRWcWs=","7fxIrHvLjSZTjXUtye1xPrfXpUugpm5alxpJx6Lxpb4=","o0/5qsRxRR2uaYhvcCWa+xJmHlpTecXvnM6GTQK4nO4=","jEvnaPyqznVoDlQxJGj+VWFyLZW1X5V0W+4R6ADzLYw=","/SDOH+PaO+p7y2pr+9cp6h3wHDkbAHv5E5qVilqkVx0=","B45GbyvxAAlgVAu5rtFrZUIMXbbmTuNK7RFHHpRMPBs=","yX+zaWWJWmDzx52FF6IcLYqOkSgSIman8dXjq1nA2mo=","q7XDZsjQ3L26FzRXvGdUaQGB7EDpeeqERTGQD9YLerg=","jy55qNhiJjtNcjDdT/yhk4MJRuyhA0Z2mELRe+vnzsA=","giqT1VoT2IrmyFsbdr6lYk1SV6lcyEt7f3TTiwBwcY0=","UwtvhXE/xZ7Qy5FkuadeIuXmXcpsgUMwJPSnZcHcCho=","yo1CdjmXvwL6PU5PQKtWXHTX/nzVChJ+B+PLLDt7Ko4=","x2I3bSDMxEbTy+iLK1KRQuDxjVk0utEqsUQuB1D2c5Q=","zkGrqEMtCG1fKAGF43/NnMku4nfB0PRGSySdFh1n4Vg=","+DRDN0dquSwubbEDu7snW/RS4vn9ZZGyU3CJtpUrV68=","71OJgLjuf7Cq9iD65fKGECa719f/LNIUyXh58SyR+i8=","/23V0wym5SI0VLgU/Cg7gP4PGL7wA/3sXvPTbvEaHbM=","wXU39Ta44m6hUfKnet774X9eQ1orb33SMABeG0x7mGk=","SDtMg90DWWZUjAqGIFavzyOa4fkoDboCQZ49ISIHfqQ=","QaeIo0XBozXuka5Yofy/g9WQxkyNCwk17g6Cn7QN2x4=","4fHVXaUxShszrHeBJuy7+yoOLvRE4czZC3ZCVRvPwWw=","fz+LABJjcO5KNeyFJcW5HGecoPpvNpfCH8zpiL3PXPY=","74StSGxwPOTjZwYSF1N3CJw5XbThcixJAf6wZM6onhI=","Pnb1PfPRDqN9u0c5oXoveXBCQo2eiJTR+d3CT/nVPAk=","w5EC69LoHpeM+kGgUCDpfjwPCwT/wh2LGvJKbgBtQuM=","b0/sUzI857BYD68QPrqIiSq2fPkt3f4Vn9dXGidJf9k=","gx8DjeHolLFQjtAFx+znzxCrNbXNPdGL9hDpFR04WBA="],"block_size":4096,"path":"welcome.c63cc5f8.js"},{"block_hashes":["kefIt9Dern3dNWbdq7yXhP0lyu3DFhc4W+HcpkFyYvw="],"block_size":4096,"path":"welcome.c7c73b80.css"},{"block_hashes":["cC19EIBKIBxbu7G+S84Air4vnOtsJQwcwKOQyHf+LkA="],"block_size":4096,"path":"welcome.html"},{"block_hashes":["PfU53Xok3yZigF0dL0H2KBG+knVSkvNz1guj56onwIs="],"block_size":4096,"path":"windows1x-header-center.6b9730ac.png"},{"block_hashes":["cfCEdlll0YuOsH6G7uV7axyhYOhb7j9VkBciiTtOjYs="],"block_size":4096,"path":"windows1x-header-left-secure.0a58323a.png"},{"block_hashes":["+eoCUrvHpa9vvridMzRGRsRebI0jZRdEnFa1ZaLEEE4="],"block_size":4096,"path":"windows1x-header-left.e46470ef.png"},{"block_hashes":["wuzzolJsE46C6BtObeEJxUAUS6wjdXPn/Z+VIUw5q2M="],"block_size":4096,"path":"windows1x-header-right.19cf988c.png"}],"version":2}